COG_letter	COG_description	COG_category	COG_number	annotation	cluster
A	Regulator of RNase E activity RraB	RNA processing and modification	COG3076	A:[RNA processing and modification]	1
S	Uncharacterized conserved protein YjaG, DUF416 family	Function unknown	COG3068	S:[Function unknown]	1
C	Soluble cytochrome b562	Energy production and conversion	COG3783	C:[Energy production and conversion]	1
O	Secreted/periplasmic Zn-dependent peptidases, insulinase-like	Posttranslational modification, protein turnover, chaperones	COG1025	O:[Posttranslational modification, protein turnover, chaperones]	1
M	Outer membrane protease	Cell wall/membrane/envelope biogenesis	COG4571	M:[Cell wall/membrane/envelope biogenesis]	1
C	Na+/H+ antiporter NhaB	Energy production and conversion	COG3067	C:[Energy production and conversion]	1
D	Cell division inhibitor SulA, prevents FtsZ ring assembly	Cell cycle control, cell division, chromosome partitioning	COG5404	D:[Cell cycle control, cell division, chromosome partitioning]	1
S	Uncharacterized membrane protein Smp affecting hemolysin expression	Function unknown	COG3726	S:[Function unknown]	1
S	Uncharacterized conserved protein YqcC, DUF446 family	Function unknown	COG3098	S:[Function unknown]	1
K	Transcriptional antiterminator Rof (Rho-off)	Transcription	COG4568	K:[Transcription]	1
L	dsDNA-binding nucleoid-associated protein YejK/NdpA	Replication, recombination and repair	COG3081	L:[Replication, recombination and repair]	1
K	Transcriptional regulator TyrR of aromatic amino acids metabolism	Transcription	COG3283	K:[Transcription]	1
M	LPS O-antigen chain length determinant protein, WzzB/FepE family	Cell wall/membrane/envelope biogenesis	COG3765	M:[Cell wall/membrane/envelope biogenesis]	1
S	Dual-topology membrane protein YdgC, GlpM family	Function unknown	COG3136	S:[Function unknown]	1
R	Uncharacterized Ca-binding beta-propeller protein YjiK	General function prediction only	COG3204	R:[General function prediction only]	1
E	Na+/serine and Na+/threonine symporter SstT	Amino acid transport and metabolism	COG3633	E:[Amino acid transport and metabolism]	1
M	Periplasmic lipoprotein LptM/YifL, part of outer membrane beta-barrel assembly machinery	Cell wall/membrane/envelope biogenesis	COG5567	M:[Cell wall/membrane/envelope biogenesis]	1
V	Restriction endonuclease Mrr	Defense mechanisms	COG1715	V:[Defense mechanisms]	1
R	Phosphate starvation-inducible membrane PsiE (function unknown)	General function prediction only	COG3223	R:[General function prediction only]	1
V	HigB/gp49-like toxin component of RelE/ParE type II toxin-antitoxin system	Defense mechanisms	COG4683	V:[Defense mechanisms]	1
J	Ribosome modulation factor	Translation, ribosomal structure and biogenesis	COG3130	J:[Translation, ribosomal structure and biogenesis]	1
J	23S rRNA A1618 N6-methylase RlmF	Translation, ribosomal structure and biogenesis	COG3129	J:[Translation, ribosomal structure and biogenesis]	1
M	Rhamnose/hydroxycephalosporin O-methyltransferase, CmcI/Rv2959c family	Cell wall/membrane/envelope biogenesis	COG3510	M:[Cell wall/membrane/envelope biogenesis]	1
E	2-oxoadipate dioxygenase/decarboxylase HglS/YdcJ family	Amino acid transport and metabolism	COG5383	E:[Amino acid transport and metabolism]	1
K	Regulator of sigma D	Transcription	COG3160	K:[Transcription]	1
G	Phosphotransferase system IIB components	Carbohydrate transport and metabolism	COG1264	G:[Carbohydrate transport and metabolism]	1
O	Serine protease inhibitor ecotin	Posttranslational modification, protein turnover, chaperones	COG4574	O:[Posttranslational modification, protein turnover, chaperones]	1
R	Predicted carbohydrate-binding protein, contains CBM5 and CBM33 domains	General function prediction only	COG3397	R:[General function prediction only]	1
T	Fido, protein-threonine AMPylation domain	Signal transduction mechanisms	COG2184	T:[Signal transduction mechanisms]	1
S	Uncharacterized conserved protein YdgA, DUF945 family	Function unknown	COG5339	S:[Function unknown]	1
G	Maltoporin (phage lambda and maltose receptor)	Carbohydrate transport and metabolism	COG4580	G:[Carbohydrate transport and metabolism]	1
K	Predicted transcriptional regulator YheO, contains PAS and DNA-binding HTH domains	Transcription	COG2964	K:[Transcription]	1
P	ABC-type Fe3+-citrate transport system, periplasmic component	Inorganic ion transport and metabolism	COG4594	P:[Inorganic ion transport and metabolism]	1
M	Nucleoside-specific outer membrane channel protein Tsx	Cell wall/membrane/envelope biogenesis	COG3248	M:[Cell wall/membrane/envelope biogenesis]	1
Q	Phenolic acid decarboxylase	Secondary metabolites biosynthesis, transport and catabolism	COG3479	Q:[Secondary metabolites biosynthesis, transport and catabolism]	1
V	Predicted ribonuclease, toxin component of the YeeF-YezG toxin-antitoxin module	Defense mechanisms	COG5444	V:[Defense mechanisms]	1
E	Urea transporter	Amino acid transport and metabolism	COG4413	E:[Amino acid transport and metabolism]	1
D	Cell division protein ZipA, interacts with FtsZ	Cell cycle control, cell division, chromosome partitioning	COG3115	D:[Cell cycle control, cell division, chromosome partitioning]	1
T	Adenylate cyclase, class I	Signal transduction mechanisms	COG3072	T:[Signal transduction mechanisms]	1
U	ESX protein secretion system component YukC	Intracellular trafficking, secretion, and vesicular transport	COG4499	U:[Intracellular trafficking, secretion, and vesicular transport]	1
M	Uncharacterized conserved protein probably involved in high-affinity Fe2+ transport	Cell wall/membrane/envelope biogenesis	COG3470	M:[Cell wall/membrane/envelope biogenesis]	1
D	Membrane-anchored cell division protein YhcB, DUF1043 family	Cell cycle control, cell division, chromosome partitioning	COG3105	D:[Cell cycle control, cell division, chromosome partitioning]	1
J	Ribosome 50S subunit-binding protein YggL, DUF469 family	Translation, ribosomal structure and biogenesis	COG3171	J:[Translation, ribosomal structure and biogenesis]	1
J	Elongation factor P hydroxylase EpmC	Translation, ribosomal structure and biogenesis	COG3101	J:[Translation, ribosomal structure and biogenesis]	1
S	Stress response protein YsnF (function unknown)	Function unknown	COG3861	S:[Function unknown]	1
J	tRNA U34 sulfur transfer complex TusBCD TusB component, DsrH family	Translation, ribosomal structure and biogenesis	COG2168	J:[Translation, ribosomal structure and biogenesis]	1
J	tRNA U34 sulfur transfer complex TusBCD TusC component, DsrF family	Translation, ribosomal structure and biogenesis	COG2923	J:[Translation, ribosomal structure and biogenesis]	1
J	tRNA A22 N1-methylase	Translation, ribosomal structure and biogenesis	COG2384	J:[Translation, ribosomal structure and biogenesis]	1
P	Ferric iron reductase protein FhuF, involved in iron transport	Inorganic ion transport and metabolism	COG4114	P:[Inorganic ion transport and metabolism]	1
J	tRNA U34 sulfur transfer complex TusBCD TusD component, DsrE family	Translation, ribosomal structure and biogenesis	COG1553	J:[Translation, ribosomal structure and biogenesis]	1
Q	4'-phosphopantetheinyl transferase EntD (siderophore biosynthesis)	Secondary metabolites biosynthesis, transport and catabolism	COG2977	Q:[Secondary metabolites biosynthesis, transport and catabolism]	1
M	Poly-D-alanine transfer protein DltD, involved in esterification of teichoic acids	Cell wall/membrane/envelope biogenesis	COG3966	M:[Cell wall/membrane/envelope biogenesis]	1
V	Membrane protein AmpE required for beta-lactamase induction	Defense mechanisms	COG3725	V:[Defense mechanisms]	1
G	D-ribose pyranose/furanose isomerase RbsD	Carbohydrate transport and metabolism	COG1869	G:[Carbohydrate transport and metabolism]	1
G	3-keto-L-gulonate-6-phosphate decarboxylase	Carbohydrate transport and metabolism	COG0269	G:[Carbohydrate transport and metabolism]	1
G	Phosphotransferase system, galactitol-specific IIC component	Carbohydrate transport and metabolism	COG3775	G:[Carbohydrate transport and metabolism]	1
M	Outer membrane lipoprotein LpoB, binds and activates PBP1b	Cell wall/membrane/envelope biogenesis	COG3417	M:[Cell wall/membrane/envelope biogenesis]	1
E	Amino acid permease	Amino acid transport and metabolism	COG0814	E:[Amino acid transport and metabolism]	1
C	Na+/citrate or Na+/malate symporter	Energy production and conversion	COG3493	C:[Energy production and conversion]	1
V	Glyoxalase ElbB, DJ-1 superfamily	Defense mechanisms	COG3155	V:[Defense mechanisms]	1
C	Azurin	Energy production and conversion	COG3241	C:[Energy production and conversion]	1
Q	Alpha-acetolactate decarboxylase	Secondary metabolites biosynthesis, transport and catabolism	COG3527	Q:[Secondary metabolites biosynthesis, transport and catabolism]	1
J	tRNA U34 sulfur transfer complex TusBCD TusE component, DsrC family	Translation, ribosomal structure and biogenesis	COG2920	J:[Translation, ribosomal structure and biogenesis]	1
T	Redox-sensing c-di-GMP phosphodiesterase, contains CSS-motif and EAL domains	Signal transduction mechanisms	COG4943	T:[Signal transduction mechanisms]	1
I	CDP-diacylglycerol pyrophosphatase	Lipid transport and metabolism	COG2134	I:[Lipid transport and metabolism]	1
S	Uncharacterized conserved protein YkuJ, DUF1797 family	Function unknown	COG4703	S:[Function unknown]	1
K	DNA-binding transcriptional regulator SgrR of sgrS sRNA, contains a MarR-type HTH domain and a periplasmic-type solute-binding domain	Transcription	COG4533	K:[Transcription]	1
R	Patatin-like phospholipase/acyl hydrolase, includes sporulation protein CotR	General function prediction only	COG3621	R:[General function prediction only]	1
V	Antitoxin component HigA of the HigAB toxin-antitoxin module, contains an N-terminal HTH domain	Defense mechanisms	COG5499	V:[Defense mechanisms]	1
D	Cell division protein FtsL, bacillar variant	Cell cycle control, cell division, chromosome partitioning	COG4839	D:[Cell cycle control, cell division, chromosome partitioning]	1
L	Adenine-specific DNA N6-methylase	Replication, recombination and repair	COG0827	L:[Replication, recombination and repair]	1
S	Uncharacterized conserved protein YpmB, contains C-terminal PepSY domain	Function unknown	COG5353	S:[Function unknown]	1
S	Uncharacterized conserved protein YqgQ, DUF910 family	Function unknown	COG4483	S:[Function unknown]	1
D	Septation ring formation regulator EzrA	Cell cycle control, cell division, chromosome partitioning	COG4477	D:[Cell cycle control, cell division, chromosome partitioning]	1
S	General stress protein CsbA (function unknown)	Function unknown	COG4897	S:[Function unknown]	1
E	Citrulline hydrolase RocB	Amino acid transport and metabolism	COG4187	E:[Amino acid transport and metabolism]	1
T	YycI protein, regulator of the WalKR two-component signal transduction system	Signal transduction mechanisms	COG4853	T:[Signal transduction mechanisms]	1
T	YycH protein, regulator of the WalKR two-component signal transduction system	Signal transduction mechanisms	COG4863	T:[Signal transduction mechanisms]	1
R	Competence protein CoiA, contains predicted nuclease domain	General function prediction only	COG4469	R:[General function prediction only]	1
G	Glucose uptake protein GlcU	Carbohydrate transport and metabolism	COG4975	G:[Carbohydrate transport and metabolism]	1
F	Anaerobic ribonucleoside-triphosphate reductase	Nucleotide transport and metabolism	COG1328	F:[Nucleotide transport and metabolism]	1
L	Replication initiation and membrane attachment protein DnaB	Replication, recombination and repair	COG3611	L:[Replication, recombination and repair]	1
S	Uncharacterized conserved protein YutD, DUF1027 family	Function unknown	COG4470	S:[Function unknown]	1
T	Cell fate regulator YmcA, YheA/YmcA/DUF963 family (controls sporulation, competence, biofilm development)	Signal transduction mechanisms	COG4550	T:[Signal transduction mechanisms]	1
R	Predicted periplasmic protein with OB-fold, involved in stress response, YdeI/OmdA family	General function prediction only	COG3111	R:[General function prediction only]	1
R	Predicted triphosphatase or cyclase YjbK, contains CYTH domain	General function prediction only	COG4116	R:[General function prediction only]	1
D	Spore germination protein GerM	Cell cycle control, cell division, chromosome partitioning	COG5401	D:[Cell cycle control, cell division, chromosome partitioning]	1
K	Negative regulator MecA of genetic competence, sporulation and motility	Transcription	COG4862	K:[Transcription]	1
L	Replication fork clamp-binding protein CrfC (dynamin-like GTPase family)	Replication, recombination and repair	COG0699	L:[Replication, recombination and repair]	1
T	Two-component response regulator, YesN/AraC family, consists of REC and AraC-type DNA-binding domains	Signal transduction mechanisms	COG4753	T:[Signal transduction mechanisms]	1
L	Superfamily II DNA/RNA helicase required for DNA uptake (late competence protein)	Replication, recombination and repair	COG4098	L:[Replication, recombination and repair]	1
K	Glycerol-3-phosphate responsive antiterminator (mRNA-binding)	Transcription	COG1954	K:[Transcription]	1
E	2-hydroxy-3-keto-5-methylthiopentenyl-1-phosphate phosphatase (methionine salvage)	Amino acid transport and metabolism	COG4359	E:[Amino acid transport and metabolism]	1
X	Predicted site-specific integrase-resolvase	Mobilome: prophages, transposons	COG2452	X:[Mobilome: prophages, transposons]	1
R	Penicillin-binding protein-related factor A, putative recombinase	General function prediction only	COG3331	R:[General function prediction only]	1
M	Spore coat protein CotF	Cell wall/membrane/envelope biogenesis	COG5577	M:[Cell wall/membrane/envelope biogenesis]	1
T	Sensor histidine kinase YesM	Signal transduction mechanisms	COG2972	T:[Signal transduction mechanisms]	1
L	Regulator of replication initiation timing YabA	Replication, recombination and repair	COG4467	L:[Replication, recombination and repair]	1
G	Ascorbate-specific PTS system IIC component UlaA	Carbohydrate transport and metabolism	COG3037	G:[Carbohydrate transport and metabolism]	1
E	L-cystine transporter TcyP, sodium:dicarboxylate symporter family	Amino acid transport and metabolism	COG1823	E:[Amino acid transport and metabolism]	1
S	Uncharacterized conserved protein YueI, DUF2278 family	Function unknown	COG5506	S:[Function unknown]	1
K	Transcriptional antiterminator	Transcription	COG3711	K:[Transcription]	1
G	Fructose-1,6-bisphosphatase	Carbohydrate transport and metabolism	COG3855	G:[Carbohydrate transport and metabolism]	1
T	Membrane protein LiaF, inhibitor of the LiaRS two-component envelope stress sensory system	Signal transduction mechanisms	COG4758	T:[Signal transduction mechanisms]	1
G	Phosphotransferase system, mannitol-specific IIBC component	Carbohydrate transport and metabolism	COG2213	G:[Carbohydrate transport and metabolism]	1
Q	Limonene-1,2-epoxide hydrolase LimA/EphG	Secondary metabolites biosynthesis, transport and catabolism	COG4308	Q:[Secondary metabolites biosynthesis, transport and catabolism]	1
R	Uncharacterized conserved protein YqfW, HAD superfamily	General function prediction only	COG5663	R:[General function prediction only]	1
M	LD-carboxypeptidase LdcB, LAS superfamily	Cell wall/membrane/envelope biogenesis	COG1876	M:[Cell wall/membrane/envelope biogenesis]	1
N	Pilin (type 1 fimbrial protein)	Cell motility	COG3539	N:[Cell motility]	1
R	Predicted RNA-binding protein, contains ribosomal protein S1 (RPS1) domain	General function prediction only	COG1098	R:[General function prediction only]	1
D	Spore cortex hydrolase SleL/YaaH, N-acetylglucosaminidase of GH18 family	Cell cycle control, cell division, chromosome partitioning	COG3858	D:[Cell cycle control, cell division, chromosome partitioning]	1
M	Spore coat protein CotH	Cell wall/membrane/envelope biogenesis	COG5337	M:[Cell wall/membrane/envelope biogenesis]	1
H	p-Aminobenzoyl-glutamate transporter AbgT	Coenzyme transport and metabolism	COG2978	H:[Coenzyme transport and metabolism]	1
F	Flavodoxin NrdI, NrdF-interacting activator of class Ib ribonucleotide reductase	Nucleotide transport and metabolism	COG1780	F:[Nucleotide transport and metabolism]	1
L	DNA replication protein DnaD	Replication, recombination and repair	COG3935	L:[Replication, recombination and repair]	1
H	Nicotinamide mononucleotide adenylyltransferase	Coenzyme transport and metabolism	COG1056	H:[Coenzyme transport and metabolism]	1
P	ABC-type enterochelin transport system, permease component	Inorganic ion transport and metabolism	COG4606	P:[Inorganic ion transport and metabolism]	1
G	Phosphotransferase system, galactitol-specific IIB component	Carbohydrate transport and metabolism	COG3414	G:[Carbohydrate transport and metabolism]	1
P	ABC-type enterochelin transport system, ATPase component	Inorganic ion transport and metabolism	COG4604	P:[Inorganic ion transport and metabolism]	1
P	ABC-type enterochelin transport system, permease component	Inorganic ion transport and metabolism	COG4605	P:[Inorganic ion transport and metabolism]	1
P	ABC-type enterochelin transport system, periplasmic component	Inorganic ion transport and metabolism	COG4607	P:[Inorganic ion transport and metabolism]	1
S	Uncharacterized conserved protein YpuA, DUF1002 family	Function unknown	COG4086	S:[Function unknown]	1
S	Uncharacterized membrane protein YhgE, phage infection protein (PIP) family	Function unknown	COG1511	S:[Function unknown]	1
T	S-ribosylhomocysteine lyase LuxS, autoinducer biosynthesis	Signal transduction mechanisms	COG1854	T:[Signal transduction mechanisms]	1
G	ABC-type polysaccharide transport system, permease component	Carbohydrate transport and metabolism	COG4209	G:[Carbohydrate transport and metabolism]	1
J	5S rRNA maturation ribonuclease M5, contains TOPRIM domain	Translation, ribosomal structure and biogenesis	COG1658	J:[Translation, ribosomal structure and biogenesis]	1
S	Uncharacterized conserved protein Veg, DUF1021 family	Function unknown	COG4466	S:[Function unknown]	1
S	Uncharacterized membrane protein YiaA	Function unknown	COG4682	S:[Function unknown]	1
G	Mannitol/fructose-specific phosphotransferase system, IIA domain	Carbohydrate transport and metabolism	COG4668	G:[Carbohydrate transport and metabolism]	1
S	Outer membrane protein VirK/YbjX involved in antimicrobial peptide resistance, DUF535 family	Function unknown	COG2990	S:[Function unknown]	1
U	Type Vc autotransporter adhesin, Ata/Hia family	Intracellular trafficking, secretion, and vesicular transport	COG5295	U:[Intracellular trafficking, secretion, and vesicular transport]	1
G	Phosphotransferase system cellobiose-specific component IIC	Carbohydrate transport and metabolism	COG1455	G:[Carbohydrate transport and metabolism]	1
G	Phosphotransferase system cellobiose-specific component IIB	Carbohydrate transport and metabolism	COG1440	G:[Carbohydrate transport and metabolism]	1
D	Stage 0 sporulation-control protein Spo0M	Cell cycle control, cell division, chromosome partitioning	COG4326	D:[Cell cycle control, cell division, chromosome partitioning]	1
F	Membrane component QueT of the ECF-type transporter of queuosine precursor	Nucleotide transport and metabolism	COG4708	F:[Nucleotide transport and metabolism]	1
T	Sensor histidine kinase, LytS/YehU family	Signal transduction mechanisms	COG3275	T:[Signal transduction mechanisms]	1
S	Uncharacterized membrane protein YcgQ,  UPF0703/DUF1980 family	Function unknown	COG3689	S:[Function unknown]	1
L	DNA polymerase III, alpha subunit (gram-positive type)	Replication, recombination and repair	COG2176	L:[Replication, recombination and repair]	1
G	Phosphotransferase system, mannose/fructose/N-acetylgalactosamine-specific IIC component	Carbohydrate transport and metabolism	COG3715	G:[Carbohydrate transport and metabolism]	1
G	Phosphotransferase system, mannose/fructose/N-acetylgalactosamine-specific IID component	Carbohydrate transport and metabolism	COG3716	G:[Carbohydrate transport and metabolism]	1
T	Cyclic di-AMP phosphodiesterase GdpP, contains GGDEF-like and DHH domains	Signal transduction mechanisms	COG3887	T:[Signal transduction mechanisms]	1
G	Phosphotransferase system cellobiose-specific component IIA	Carbohydrate transport and metabolism	COG1447	G:[Carbohydrate transport and metabolism]	1
V	Toxin component of the Txe-Axe toxin-antitoxin module, Txe/YoeB family	Defense mechanisms	COG4115	V:[Defense mechanisms]	1
C	Mo-containing formate dehydrogenase ForCE, ForE/YjgD subunit	Energy production and conversion	COG2427	C:[Energy production and conversion]	1
E	Alanine-alpha-ketoisovalerate (or valine-pyruvate) aminotransferase	Amino acid transport and metabolism	COG3977	E:[Amino acid transport and metabolism]	1
D	Spore dipicolinate transporter SpoVV/YjiH/YlbJ, contains nucleoside recognition GATE domain	Cell cycle control, cell division, chromosome partitioning	COG3314	D:[Cell cycle control, cell division, chromosome partitioning]	1
S	Uncharacterized beta-barrel protein YwiB, DUF1934 family	Function unknown	COG4506	S:[Function unknown]	1
P	Nitric oxide synthase, oxygenase domain	Inorganic ion transport and metabolism	COG4362	P:[Inorganic ion transport and metabolism]	1
K	GTP-sensing pleiotropic transcriptional regulator CodY	Transcription	COG4465	K:[Transcription]	1
J	tRNA-Met C34-N4-acetylcytidine synthase TmcAL	Translation, ribosomal structure and biogenesis	COG1323	J:[Translation, ribosomal structure and biogenesis]	1
P	ABC-type taurine transport system, periplasmic component	Inorganic ion transport and metabolism	COG4521	P:[Inorganic ion transport and metabolism]	1
R	ATPase/GTPase, AAA15 family	General function prediction only	COG1106	R:[General function prediction only]	1
C	Ferredoxin	Energy production and conversion	COG1145	C:[Energy production and conversion]	1
O	Lipase chaperone LimK	Posttranslational modification, protein turnover, chaperones	COG5380	O:[Posttranslational modification, protein turnover, chaperones]	1
E	3-dehydroquinate dehydratase, type I	Amino acid transport and metabolism	COG0710	E:[Amino acid transport and metabolism]	1
S	Predicted outer membrane lipoprotein	Function unknown	COG4890	S:[Function unknown]	1
S	Spore maturation protein SpmB (function unknown)	Function unknown	COG0700	S:[Function unknown]	1
V	Bacterial immunity/signal transduction membrane protein SdpI,  SdpI/YbgB/DUF1648 family	Defense mechanisms	COG5658	V:[Defense mechanisms]	1
E	D-serine dehydratase	Amino acid transport and metabolism	COG3048	E:[Amino acid transport and metabolism]	1
M	Lipopolysaccharide biosynthesis protein, LPS:glycosyltransferase	Cell wall/membrane/envelope biogenesis	COG1442	M:[Cell wall/membrane/envelope biogenesis]	1
V	Peptide antibiotic transporter SbmA/BacA, ABC-type permease family	Defense mechanisms	COG1133	V:[Defense mechanisms]	1
P	Nitric oxide reductase large subunit	Inorganic ion transport and metabolism	COG3256	P:[Inorganic ion transport and metabolism]	1
G	Tagatose-1,6-bisphosphate aldolase non-catalytic subunit AgaZ/GatZ	Carbohydrate transport and metabolism	COG4573	G:[Carbohydrate transport and metabolism]	1
P	ABC-type taurine transport system, ATPase component	Inorganic ion transport and metabolism	COG4525	P:[Inorganic ion transport and metabolism]	1
P	ABC-type sulfate transport system, periplasmic component	Inorganic ion transport and metabolism	COG4150	P:[Inorganic ion transport and metabolism]	1
F	Non-canonical (house-cleaning) NTP pyrophosphatase, all-alpha NTP-PPase family	Nucleotide transport and metabolism	COG1986	F:[Nucleotide transport and metabolism]	1
V	Aminoglycoside N3'-acetyltransferase	Defense mechanisms	COG2746	V:[Defense mechanisms]	1
J	23S rRNA maturation mini-RNase III	Translation, ribosomal structure and biogenesis	COG1939	J:[Translation, ribosomal structure and biogenesis]	1
Q	Muconolactone delta-isomerase	Secondary metabolites biosynthesis, transport and catabolism	COG4829	Q:[Secondary metabolites biosynthesis, transport and catabolism]	1
Q	Isochorismate hydrolase	Secondary metabolites biosynthesis, transport and catabolism	COG1535	Q:[Secondary metabolites biosynthesis, transport and catabolism]	1
P	Putative heme degradation protein	Inorganic ion transport and metabolism	COG3720	P:[Inorganic ion transport and metabolism]	1
F	Ureidoglycine aminohydrolase	Nucleotide transport and metabolism	COG3257	F:[Nucleotide transport and metabolism]	1
J	Ribosomal protein L7Ae or related RNA K-turn-binding protein	Translation, ribosomal structure and biogenesis	COG1358	J:[Translation, ribosomal structure and biogenesis]	1
D	Sporulation protein SpoIID (lytic transglycosylase)	Cell cycle control, cell division, chromosome partitioning	COG2385	D:[Cell cycle control, cell division, chromosome partitioning]	1
P	ABC-type iron transport system FetAB, permease component	Inorganic ion transport and metabolism	COG0390	P:[Inorganic ion transport and metabolism]	1
C	DMSO reductase anchor subunit DmsC	Energy production and conversion	COG3302	C:[Energy production and conversion]	1
J	Oligoribonuclease NrnA/c-di-AMP phosphodiesterase DhhP, DHH superfamily	Translation, ribosomal structure and biogenesis	COG2404	J:[Translation, ribosomal structure and biogenesis]	1
M	Glycosyltransferase involved in LPS biosynthesis, GR25 family	Cell wall/membrane/envelope biogenesis	COG3306	M:[Cell wall/membrane/envelope biogenesis]	1
X	Prophage maintenance system killer protein	Mobilome: prophages, transposons	COG3654	X:[Mobilome: prophages, transposons]	1
I	3-hydroxy-3-methylglutaryl CoA synthase	Lipid transport and metabolism	COG3425	I:[Lipid transport and metabolism]	1
E	Benzoyl-CoA reductase/2-hydroxyglutaryl-CoA dehydratase subunit, BcrC/BadD/HgdB	Amino acid transport and metabolism	COG1775	E:[Amino acid transport and metabolism]	1
T	RseC, positive regulator of sigma E activity	Signal transduction mechanisms	COG3086	T:[Signal transduction mechanisms]	1
M	Lipid II:glycine glycyltransferase (Peptidoglycan interpeptide bridge formation enzyme)	Cell wall/membrane/envelope biogenesis	COG2348	M:[Cell wall/membrane/envelope biogenesis]	1
E	Formiminotetrahydrofolate cyclodeaminase	Amino acid transport and metabolism	COG3404	E:[Amino acid transport and metabolism]	1
C	Iron only hydrogenase large subunit, C-terminal domain	Energy production and conversion	COG4624	C:[Energy production and conversion]	1
E	Tryptophanase	Amino acid transport and metabolism	COG3033	E:[Amino acid transport and metabolism]	1
E	Anaerobic glycerol-3-phosphate dehydrogenase	Amino acid transport and metabolism	COG3075	E:[Amino acid transport and metabolism]	1
G	L-rhamnose isomerase	Carbohydrate transport and metabolism	COG4806	G:[Carbohydrate transport and metabolism]	1
V	CRISPR-Cas system type III CSM-effector complex subunit Csm3, RAMP superfamily Cas7 group	Defense mechanisms	COG1337	V:[Defense mechanisms]	1
C	Aldehyde:ferredoxin oxidoreductase	Energy production and conversion	COG2414	C:[Energy production and conversion]	1
V	CRISPR-Cas type I system-associated endonuclease/helicase Cas3	Defense mechanisms	COG1203	V:[Defense mechanisms]	1
C	Pyruvate:ferredoxin oxidoreductase or related 2-oxoacid:ferredoxin oxidoreductase, delta subunit	Energy production and conversion	COG1144	C:[Energy production and conversion]	1
L	Thermostable 8-oxoguanine DNA glycosylase	Replication, recombination and repair	COG1059	L:[Replication, recombination and repair]	1
X	IS4 transposase InsG	Mobilome: prophages, transposons	COG3385	X:[Mobilome: prophages, transposons]	1
E	Lysine export protein LysO/YbjE, DUF340 family	Amino acid transport and metabolism	COG2431	E:[Amino acid transport and metabolism]	1
S	Uncharacterized conserved protein, contains a von Willebrand factor type A (vWA) domain	Function unknown	COG2425	S:[Function unknown]	1
T	sRNA-binding protein ProQ	Signal transduction mechanisms	COG3109	T:[Signal transduction mechanisms]	1
K	Competence transcription factor ComK	Transcription	COG4903	K:[Transcription]	1
K	Transcriptional regulator of NAD metabolism, contains HTH and 3H domains	Transcription	COG1827	K:[Transcription]	1
S	Uncharacterized membrane protein YhdT	Function unknown	COG3924	S:[Function unknown]	1
H	Thiamine transporter ThiT	Coenzyme transport and metabolism	COG3859	H:[Coenzyme transport and metabolism]	1
S	Uncharacterized membrane protein YesL	Function unknown	COG5578	S:[Function unknown]	1
H	Riboflavin transporter FmnP/RibU	Coenzyme transport and metabolism	COG3601	H:[Coenzyme transport and metabolism]	1
G	Beta- N-acetylglucosaminidase	Carbohydrate transport and metabolism	COG4193	G:[Carbohydrate transport and metabolism]	1
H	Membrane component of ECF-type riboflavin transportert	Coenzyme transport and metabolism	COG4720	H:[Coenzyme transport and metabolism]	1
E	Ethanolamine utilization protein EutL, microcompartment shell protein	Amino acid transport and metabolism	COG4816	E:[Amino acid transport and metabolism]	1
S	Uncharacterized conserved protein, DUF799 domain	Function unknown	COG4380	S:[Function unknown]	1
V	5-methylcytosine-specific restriction endonuclease McrBC, regulatory subunit McrC	Defense mechanisms	COG4268	V:[Defense mechanisms]	1
E	Ethanolamine utilization protein EutP, contains a P-loop NTPase domain	Amino acid transport and metabolism	COG4917	E:[Amino acid transport and metabolism]	1
E	Ethanolamine utilization protein EutS, microcompartment shell protein	Amino acid transport and metabolism	COG4810	E:[Amino acid transport and metabolism]	1
D	Spore protein YtfJ/GerW, could be involved in germination	Cell cycle control, cell division, chromosome partitioning	COG3874	D:[Cell cycle control, cell division, chromosome partitioning]	1
M	Membrane protein TolA involved in colicin uptake	Cell wall/membrane/envelope biogenesis	COG3064	M:[Cell wall/membrane/envelope biogenesis]	1
G	ABC-type glucose/galactose transport system, permease component	Carbohydrate transport and metabolism	COG4211	G:[Carbohydrate transport and metabolism]	1
X	Phage terminase large subunit	Mobilome: prophages, transposons	COG1783	X:[Mobilome: prophages, transposons]	1
H	Cobalt-precorrin 5A hydrolase	Coenzyme transport and metabolism	COG2073	H:[Coenzyme transport and metabolism]	1
G	Beta-mannanase	Carbohydrate transport and metabolism	COG4124	G:[Carbohydrate transport and metabolism]	1
S	Uncharacterized conserved protein YwqG, DUF1963 family	Function unknown	COG3878	S:[Function unknown]	1
G	Phosphotransferase system IIA component	Carbohydrate transport and metabolism	COG2190	G:[Carbohydrate transport and metabolism]	1
H	ABC-type thiamine/hydroxymethylpyrimidine transport system, permease component	Coenzyme transport and metabolism	COG4721	H:[Coenzyme transport and metabolism]	1
M	Regulator of extracellular matrix RemA, YlzA/DUF370 family	Cell wall/membrane/envelope biogenesis	COG2052	M:[Cell wall/membrane/envelope biogenesis]	1
S	Uncharacterized conserved protein YvlB, contains  DUF4097 and DUF4098 domains	Function unknown	COG3595	S:[Function unknown]	1
S	Stage V sporulation protein SpoVS, predicted DNA-binding, AlbA superfamily	Function unknown	COG2359	S:[Function unknown]	1
G	Arabinogalactan endo-1,4-beta-galactosidase	Carbohydrate transport and metabolism	COG3867	G:[Carbohydrate transport and metabolism]	1
C	Inorganic pyrophosphatase/exopolyphosphatase	Energy production and conversion	COG1227	C:[Energy production and conversion]	1
C	Butyrate kinase	Energy production and conversion	COG3426	C:[Energy production and conversion]	1
S	Uncharacterized membrane protein YqgA/YdfK, affects biofilm formation, DUF554 family	Function unknown	COG1811	S:[Function unknown]	1
M	Capsular polysaccharide biosynthesis protein YveK	Cell wall/membrane/envelope biogenesis	COG3944	M:[Cell wall/membrane/envelope biogenesis]	1
P	K+/H+ antiporter KhtSTU, c-di-AMP-binding regulatory subunit KhtT, contains RCK_C (TrkA_C) domain	Inorganic ion transport and metabolism	COG0490	P:[Inorganic ion transport and metabolism]	1
L	ATP-dependent helicase/DNAse subunit B	Replication, recombination and repair	COG3857	L:[Replication, recombination and repair]	1
P	ABC-type cobalt transport system, periplasmic component	Inorganic ion transport and metabolism	COG1930	P:[Inorganic ion transport and metabolism]	1
Q	Cephalosporin-C deacetylase or related acetyl esterase	Secondary metabolites biosynthesis, transport and catabolism	COG3458	Q:[Secondary metabolites biosynthesis, transport and catabolism]	1
E	D-aminopeptidase	Amino acid transport and metabolism	COG2362	E:[Amino acid transport and metabolism]	1
X	Competence protein ComGC	Mobilome: prophages, transposons	COG4537	X:[Mobilome: prophages, transposons]	1
G	Phosphotransferase system, mannose/fructose/N-acetylgalactosamine-specific component IIB	Carbohydrate transport and metabolism	COG3444	G:[Carbohydrate transport and metabolism]	1
E	Na+/glutamate symporter	Amino acid transport and metabolism	COG0786	E:[Amino acid transport and metabolism]	1
Q	Acetaldehyde dehydrogenase (acetylating)	Secondary metabolites biosynthesis, transport and catabolism	COG4569	Q:[Secondary metabolites biosynthesis, transport and catabolism]	1
T	PAS domain	Signal transduction mechanisms	COG2202	T:[Signal transduction mechanisms]	1
T	Hemerythrin	Signal transduction mechanisms	COG2703	T:[Signal transduction mechanisms]	1
L	Ribonuclease HIII	Replication, recombination and repair	COG1039	L:[Replication, recombination and repair]	1
P	Cation transport regulator ChaB	Inorganic ion transport and metabolism	COG4572	P:[Inorganic ion transport and metabolism]	1
Q	Propanediol utilization protein	Secondary metabolites biosynthesis, transport and catabolism	COG4869	Q:[Secondary metabolites biosynthesis, transport and catabolism]	1
T	Cyclic di-AMP receptor DarA/PstA	Signal transduction mechanisms	COG3870	T:[Signal transduction mechanisms]	1
C	Succinate-acetate transporter SatP	Energy production and conversion	COG1584	C:[Energy production and conversion]	1
L	Predicted ATPase SbcE/YhaN involved in DNA double-strand break repair, contains AAA domain	Replication, recombination and repair	COG4717	L:[Replication, recombination and repair]	1
F	Purine-nucleoside phosphorylase	Nucleotide transport and metabolism	COG0813	F:[Nucleotide transport and metabolism]	1
C	Peroxiredoxin family protein	Energy production and conversion	COG2210	C:[Energy production and conversion]	1
R	ABC-type uncharacterized transport system YnjBCD, periplasmic component	General function prediction only	COG4134	R:[General function prediction only]	1
Q	Thioesterase domain of type I polyketide synthase or non-ribosomal peptide synthetase	Secondary metabolites biosynthesis, transport and catabolism	COG3319	Q:[Secondary metabolites biosynthesis, transport and catabolism]	1
V	Antitoxin component of the RelBE or YafQ-DinJ toxin-antitoxin module	Defense mechanisms	COG3077	V:[Defense mechanisms]	1
S	Myosin-crossreactive antigen  (function unknown)	Function unknown	COG4716	S:[Function unknown]	1
R	Uncharacterized conserved protein, contains a NRPS condensation (elongation) domain	General function prediction only	COG4908	R:[General function prediction only]	1
C	Hydroxylamine reductase (hybrid-cluster protein)	Energy production and conversion	COG1151	C:[Energy production and conversion]	1
A	RNA 3'-terminal phosphate cyclase	RNA processing and modification	COG0430	A:[RNA processing and modification]	1
U	Type III secretion system effector YopM, contains leucine-rich repeats	Intracellular trafficking, secretion, and vesicular transport	COG4886	U:[Intracellular trafficking, secretion, and vesicular transport]	1
S	Uncharacterized membrane protein YecN, MAPEG domain	Function unknown	COG3788	S:[Function unknown]	1
M	Nickel-dependent lactate racemase	Cell wall/membrane/envelope biogenesis	COG3875	M:[Cell wall/membrane/envelope biogenesis]	1
F	NAD(P)H-hydrate repair enzyme Nnr, NAD(P)H-hydrate epimerase (NAXE) domain	Nucleotide transport and metabolism	COG0062	F:[Nucleotide transport and metabolism]	1
G	Mannosyl-3-phosphoglycerate phosphatase YedP/MpgP, HAD superfamily	Carbohydrate transport and metabolism	COG3769	G:[Carbohydrate transport and metabolism]	1
C	Fumarate reductase subunit C	Energy production and conversion	COG3029	C:[Energy production and conversion]	1
C	Fumarate reductase subunit D	Energy production and conversion	COG3080	C:[Energy production and conversion]	1
R	GTPase SAR1 family domain	General function prediction only	COG1100	R:[General function prediction only]	1
G	Alpha-amylase/alpha-mannosidase, GH57 family	Carbohydrate transport and metabolism	COG1449	G:[Carbohydrate transport and metabolism]	1
R	Predicted acyl-ACP reductase	General function prediction only	COG5322	R:[General function prediction only]	1
P	Dissimilatory sulfite reductase (desulfoviridin), alpha and beta subunits	Inorganic ion transport and metabolism	COG2221	P:[Inorganic ion transport and metabolism]	1
M	Peptidoglycan-binding domain, expansin YoaJ	Cell wall/membrane/envelope biogenesis	COG4305	M:[Cell wall/membrane/envelope biogenesis]	1
G	TPP-dependent 2-oxoacid decarboxylase, includes indolepyruvate decarboxylase	Carbohydrate transport and metabolism	COG3961	G:[Carbohydrate transport and metabolism]	1
C	Desulfoferrodoxin, superoxide reductase-like (SORL) domain	Energy production and conversion	COG2033	C:[Energy production and conversion]	1
E	Asparagine synthetase A	Amino acid transport and metabolism	COG2502	E:[Amino acid transport and metabolism]	1
C	Archaeal/vacuolar-type H+-ATPase subunit D/Vma8	Energy production and conversion	COG1394	C:[Energy production and conversion]	1
C	Archaeal/vacuolar-type H+-ATPase catalytic subunit A/Vma1	Energy production and conversion	COG1155	C:[Energy production and conversion]	1
C	Archaeal/vacuolar-type H+-ATPase subunit B/Vma2	Energy production and conversion	COG1156	C:[Energy production and conversion]	1
C	Archaeal/vacuolar-type H+-ATPase subunit F/Vma7	Energy production and conversion	COG1436	C:[Energy production and conversion]	1
C	Archaeal/vacuolar-type H+-ATPase subunit C/Vma6	Energy production and conversion	COG1527	C:[Energy production and conversion]	1
E	Aminopeptidase C	Amino acid transport and metabolism	COG3579	E:[Amino acid transport and metabolism]	1
Q	Propanediol dehydratase, large subunit	Secondary metabolites biosynthesis, transport and catabolism	COG4909	Q:[Secondary metabolites biosynthesis, transport and catabolism]	1
Q	Propanediol dehydratase, small subunit	Secondary metabolites biosynthesis, transport and catabolism	COG4910	Q:[Secondary metabolites biosynthesis, transport and catabolism]	1
H	ABC-type cobalamin transport system, permease component BtuC	Coenzyme transport and metabolism	COG4139	H:[Coenzyme transport and metabolism]	1
F	Aspartate carbamoyltransferase, regulatory subunit	Nucleotide transport and metabolism	COG1781	F:[Nucleotide transport and metabolism]	1
R	Predicted nucleotidyltransferase, MJ0604 family	General function prediction only	COG1708	R:[General function prediction only]	1
C	Archaeal/vacuolar-type H+-ATPase subunit E/Vma4	Energy production and conversion	COG1390	C:[Energy production and conversion]	1
P	Formate-dependent nitrite reductase, periplasmic cytochrome c552 subunit	Inorganic ion transport and metabolism	COG3303	P:[Inorganic ion transport and metabolism]	1
V	CRISPR-Cas system type III CSM-effector complex subunit Csm4, RAMP superfamily Cas5 group	Defense mechanisms	COG1567	V:[Defense mechanisms]	1
V	CRISPR-Cas system type III CSM-effector complex subunit Csm5, RAMP superfamily Cas7 group	Defense mechanisms	COG1332	V:[Defense mechanisms]	1
M	N-acetylneuraminic acid mutarotase	Cell wall/membrane/envelope biogenesis	COG3055	M:[Cell wall/membrane/envelope biogenesis]	1
E	Dipeptidase	Amino acid transport and metabolism	COG4690	E:[Amino acid transport and metabolism]	1
I	Activator of 2-hydroxyglutaryl-CoA dehydratase (HSP70-class ATPase domain)	Lipid transport and metabolism	COG1924	I:[Lipid transport and metabolism]	1
C	Mg2+/citrate symporter	Energy production and conversion	COG2851	C:[Energy production and conversion]	2
P	Siderophore synthetase component IucA/IucC/SbnC	Inorganic ion transport and metabolism	COG4264	P:[Inorganic ion transport and metabolism]	2
O	PepSY domain containing protein, regulator of zincin peptidase activity	Posttranslational modification, protein turnover, chaperones	COG3212	O:[Posttranslational modification, protein turnover, chaperones]	2
E	Branched-chain amino acid permease	Amino acid transport and metabolism	COG1114	E:[Amino acid transport and metabolism]	2
E	ABC-type histidine transport system, ATPase component	Amino acid transport and metabolism	COG4598	E:[Amino acid transport and metabolism]	2
E	Amino acid permease	Amino acid transport and metabolism	COG0833	E:[Amino acid transport and metabolism]	2
U	Type III secretion system pilotin YscW/InvH/MxiM, SctG/YbaY family	Intracellular trafficking, secretion, and vesicular transport	COG3126	U:[Intracellular trafficking, secretion, and vesicular transport]	2
E	Succinylglutamate desuccinylase	Amino acid transport and metabolism	COG2988	E:[Amino acid transport and metabolism]	2
P	ABC-type siderophore export system, fused ATPase and permease components	Inorganic ion transport and metabolism	COG4615	P:[Inorganic ion transport and metabolism]	2
L	Endonuclease I	Replication, recombination and repair	COG2356	L:[Replication, recombination and repair]	2
G	Phosphotransferase system, fructose-specific IIC component	Carbohydrate transport and metabolism	COG1299	G:[Carbohydrate transport and metabolism]	2
E	Succinylarginine dihydrolase	Amino acid transport and metabolism	COG3724	E:[Amino acid transport and metabolism]	2
I	Short chain fatty acids transporter	Lipid transport and metabolism	COG2031	I:[Lipid transport and metabolism]	2
L	DNA gyrase inhibitor GyrI/SbmC	Replication, recombination and repair	COG3449	L:[Replication, recombination and repair]	2
V	Tellurite resistance protein TehA and related permeases	Defense mechanisms	COG1275	V:[Defense mechanisms]	2
L	3-methylpurine DNA glycosylase AlkC	Replication, recombination and repair	COG4335	L:[Replication, recombination and repair]	2
M	Intermembrane transporter PqiABC subunit PqiB	Cell wall/membrane/envelope biogenesis	COG3008	M:[Cell wall/membrane/envelope biogenesis]	2
G	D-hexose-6-phosphate mutarotase	Carbohydrate transport and metabolism	COG0676	G:[Carbohydrate transport and metabolism]	2
X	Regulator of phage lambda lysogenization HflD, binds to CII and stimulates its degradation	Mobilome: prophages, transposons	COG2915	X:[Mobilome: prophages, transposons]	2
M	Murein tripeptide amidase MpaA	Cell wall/membrane/envelope biogenesis	COG2866	M:[Cell wall/membrane/envelope biogenesis]	2
J	23S rRNA C2498 (ribose-2'-O)-methylase RlmM	Translation, ribosomal structure and biogenesis	COG2933	J:[Translation, ribosomal structure and biogenesis]	2
S	Uncharacterized conserved protein YcgL, UPF0745 family	Function unknown	COG3100	S:[Function unknown]	2
J	16S rRNA G1207 or 23S rRNA G1835 methylase RsmC/RlmG	Translation, ribosomal structure and biogenesis	COG2813	J:[Translation, ribosomal structure and biogenesis]	2
L	DNA polymerase B elongation subunit	Replication, recombination and repair	COG0417	L:[Replication, recombination and repair]	2
J	mRNA-degrading endonuclease (mRNA interferase) HigB, toxic component of the HigAB toxin-antitoxin module	Translation, ribosomal structure and biogenesis	COG4680	J:[Translation, ribosomal structure and biogenesis]	2
G	Neutral trehalase	Carbohydrate transport and metabolism	COG1626	G:[Carbohydrate transport and metabolism]	2
R	Predicted RNA-binding protein YitL, contains S1 domains, virulence factor B family	General function prediction only	COG2996	R:[General function prediction only]	2
E	Acireductone dioxygenase (methionine salvage), cupin superfamily	Amino acid transport and metabolism	COG1791	E:[Amino acid transport and metabolism]	2
F	Ureidoglycolate hydrolase (allantoin degradation)	Nucleotide transport and metabolism	COG3194	F:[Nucleotide transport and metabolism]	2
C	Flavodoxin	Energy production and conversion	COG0716	C:[Energy production and conversion]	2
M	Autotransporter adhesin AidA	Cell wall/membrane/envelope biogenesis	COG3468	M:[Cell wall/membrane/envelope biogenesis]	2
G	Endo-1,4-beta-D-glucanase Y	Carbohydrate transport and metabolism	COG3405	G:[Carbohydrate transport and metabolism]	2
P	Voltage-gated potassium channel Kch	Inorganic ion transport and metabolism	COG1226	P:[Inorganic ion transport and metabolism]	2
M	Intermembrane transporter PqiABC lipoprotein subunit PqiC	Cell wall/membrane/envelope biogenesis	COG3009	M:[Cell wall/membrane/envelope biogenesis]	2
T	Isocitrate dehydrogenase kinase/phosphatase	Signal transduction mechanisms	COG4579	T:[Signal transduction mechanisms]	2
P	Periplasmic regulator RcnB of Ni and Co efflux	Inorganic ion transport and metabolism	COG5455	P:[Inorganic ion transport and metabolism]	2
E	YcsI protein, probably involved 5-oxoproline metabolism, UPF0317/DUF1446 family	Amino acid transport and metabolism	COG4336	E:[Amino acid transport and metabolism]	2
U	Heme exporter protein D	Intracellular trafficking, secretion, and vesicular transport	COG3114	U:[Intracellular trafficking, secretion, and vesicular transport]	2
O	Predicted ATP-dependent protease	Posttranslational modification, protein turnover, chaperones	COG1067	O:[Posttranslational modification, protein turnover, chaperones]	2
R	Uncharacterized conserved protein, FlaG/YvyC family	General function prediction only	COG1334	R:[General function prediction only]	2
H	Adenylyl- and sulfurtransferase ThiI (thiamine and tRNA 4-thiouridine biosynthesis)	Coenzyme transport and metabolism	COG0301	H:[Coenzyme transport and metabolism]	2
T	RseA, negative regulator of sigma E activity	Signal transduction mechanisms	COG3073	T:[Signal transduction mechanisms]	2
Q	Glyoxylate carboligase	Secondary metabolites biosynthesis, transport and catabolism	COG3960	Q:[Secondary metabolites biosynthesis, transport and catabolism]	2
C	FoF1-type ATP synthase accessory protein AtpI	Energy production and conversion	COG3312	C:[Energy production and conversion]	2
G	Beta-xylosidase, GH43 family	Carbohydrate transport and metabolism	COG3940	G:[Carbohydrate transport and metabolism]	2
P	Nitrous oxide reductase	Inorganic ion transport and metabolism	COG4263	P:[Inorganic ion transport and metabolism]	2
C	Nitrate reductase assembly protein NarJ, required for insertion of molybdenum cofactor	Energy production and conversion	COG2180	C:[Energy production and conversion]	2
L	Exonuclease I (degrades ssDNA)	Replication, recombination and repair	COG2925	L:[Replication, recombination and repair]	2
C	Nitrate reductase alpha subunit	Energy production and conversion	COG5013	C:[Energy production and conversion]	2
G	TPP-dependent trihydroxycyclohexane-1,2-dione (THcHDO) dehydratase, myo-inositol metabolism	Carbohydrate transport and metabolism	COG3962	G:[Carbohydrate transport and metabolism]	2
K	DNA-binding transcriptional regulator YiaG, XRE-type HTH domain	Transcription	COG2944	K:[Transcription]	2
G	Pectate lyase	Carbohydrate transport and metabolism	COG3866	G:[Carbohydrate transport and metabolism]	2
M	Spore coat polysaccharide biosynthesis protein SpsG, predicted glycosyltransferase	Cell wall/membrane/envelope biogenesis	COG3980	M:[Cell wall/membrane/envelope biogenesis]	2
C	Nitrate reductase gamma subunit	Energy production and conversion	COG2181	C:[Energy production and conversion]	2
S	Virulence-associated protein VagC (function unknown)	Function unknown	COG4456	S:[Function unknown]	2
Q	Arylamine N-acetyltransferase	Secondary metabolites biosynthesis, transport and catabolism	COG2162	Q:[Secondary metabolites biosynthesis, transport and catabolism]	2
H	Cobalt-precorrin-5B methyltransferase	Coenzyme transport and metabolism	COG1903	H:[Coenzyme transport and metabolism]	2
R	Predicted NAD/FAD-dependent oxidoreductase	General function prediction only	COG3380	R:[General function prediction only]	2
E	Aspartyl aminopeptidase	Amino acid transport and metabolism	COG1362	E:[Amino acid transport and metabolism]	2
I	Acyl carrier protein phosphodiesterase	Lipid transport and metabolism	COG3124	I:[Lipid transport and metabolism]	2
G	5-deoxy-D-glucuronate isomerase	Carbohydrate transport and metabolism	COG3718	G:[Carbohydrate transport and metabolism]	2
M	CMP-N-acetylneuraminic acid synthetase, NeuA/PseF family	Cell wall/membrane/envelope biogenesis	COG1083	M:[Cell wall/membrane/envelope biogenesis]	2
P	Putative Mn2+ efflux pump MntP	Inorganic ion transport and metabolism	COG1971	P:[Inorganic ion transport and metabolism]	2
L	UV DNA damage repair endonuclease	Replication, recombination and repair	COG4294	L:[Replication, recombination and repair]	2
I	Glycerol-3-phosphate O-acyltransferase	Lipid transport and metabolism	COG2937	I:[Lipid transport and metabolism]	2
N	Flagellar biosynthesis/type III secretory pathway chaperone FlgN	Cell motility	COG3418	N:[Cell motility]	2
C	Alcohol dehydrogenase YqhD, Fe-dependent ADH family	Energy production and conversion	COG1979	C:[Energy production and conversion]	2
M	Surface polysaccharide O-acyltransferase WecH	Cell wall/membrane/envelope biogenesis	COG3274	M:[Cell wall/membrane/envelope biogenesis]	2
S	Uncharacterized conserved protein, DUF2248 family	Function unknown	COG4307	S:[Function unknown]	2
E	Arginine deiminase	Amino acid transport and metabolism	COG2235	E:[Amino acid transport and metabolism]	2
C	Pyruvate/oxaloacetate carboxyltransferase	Energy production and conversion	COG5016	C:[Energy production and conversion]	2
T	Sensor histidine kinase DipB regulating citrate/malate metabolism	Signal transduction mechanisms	COG3290	T:[Signal transduction mechanisms]	2
R	Predicted oxidoreductase YdhF	General function prediction only	COG4989	R:[General function prediction only]	2
V	Inner membrane protein CreD involved in colicin E2 resistance	Defense mechanisms	COG4452	V:[Defense mechanisms]	2
M	Poly-gamma-glutamate biosynthesis protein CapA/YwtB (capsule formation), metallophosphatase superfamily	Cell wall/membrane/envelope biogenesis	COG2843	M:[Cell wall/membrane/envelope biogenesis]	2
R	Predicted nuclease of restriction endonuclease-like (RecB) superfamily,  DUF1016 family	General function prediction only	COG4804	R:[General function prediction only]	2
K	DNA-binding response regulator DpiB of citrate/malate metabolism	Transcription	COG4565	K:[Transcription]	2
P	ABC-type Zn2+ transport system, periplasmic component/surface adhesin ZnuA	Inorganic ion transport and metabolism	COG4531	P:[Inorganic ion transport and metabolism]	2
B	DNA-binding transcriptional regulator, chromatin protein or antitoxin AbrBPrlF/Sso7c4, AbrB family	Chromatin structure and dynamics	COG2002	B:[Chromatin structure and dynamics]	2
C	Na+/H+ antiporter NhaC/MleN	Energy production and conversion	COG1757	C:[Energy production and conversion]	2
M	Membrane protein involved in production of outer membrane vehicles,YdcZ/DUF606 family	Cell wall/membrane/envelope biogenesis	COG3238	M:[Cell wall/membrane/envelope biogenesis]	2
F	Pyrimidine/purine nucleoside phosphorylase YaiE/PpnP, UPF0345/DUF1255 family	Nucleotide transport and metabolism	COG3123	F:[Nucleotide transport and metabolism]	2
R	Predicted membrane transporter YgaE, aromatic acid exporter family	General function prediction only	COG4129	R:[General function prediction only]	2
P	Thiosulfate dehydrogenase TsdA, contains C-terminal cytochrome c domain	Inorganic ion transport and metabolism	COG3258	P:[Inorganic ion transport and metabolism]	2
S	3D (Asp-Asp-Asp) domain, usually in lytic transglycosylases	Function unknown	COG3584	S:[Function unknown]	2
N	Outer membrane usher protein FimD/PapC	Cell motility	COG3188	N:[Cell motility]	2
K	DNA-binding transcriptional regulator YbjK	Transcription	COG3226	K:[Transcription]	2
M	Carbohydrate-selective porin OprB	Cell wall/membrane/envelope biogenesis	COG3659	M:[Cell wall/membrane/envelope biogenesis]	2
W	Type VIII secretion (curli biogenesis) system outer membrane channel CsgG	Extracellular structures	COG1462	W:[Extracellular structures]	2
C	Aconitase B	Energy production and conversion	COG1049	C:[Energy production and conversion]	2
G	Alpha-glucuronidase	Carbohydrate transport and metabolism	COG3661	G:[Carbohydrate transport and metabolism]	2
O	Iron-sulfur cluster repair protein YtfE, RIC family, contains ScdAN and hemerythrin domains	Posttranslational modification, protein turnover, chaperones	COG2846	O:[Posttranslational modification, protein turnover, chaperones]	2
T	Bacteriophytochrome (light-regulated signal transduction histidine kinase)	Signal transduction mechanisms	COG4251	T:[Signal transduction mechanisms]	2
Q	3-phenylpropionate/cinnamic acid dioxygenase, small subunit	Secondary metabolites biosynthesis, transport and catabolism	COG5517	Q:[Secondary metabolites biosynthesis, transport and catabolism]	2
W	P pilus assembly protein, chaperone PapD	Extracellular structures	COG3121	W:[Extracellular structures]	2
J	Ribosome biogenesis GTPase RbgA	Translation, ribosomal structure and biogenesis	COG1161	J:[Translation, ribosomal structure and biogenesis]	2
G	Beta-glucanase, GH16 family	Carbohydrate transport and metabolism	COG2273	G:[Carbohydrate transport and metabolism]	2
E	5-Methylthioribose/5-deoxyribose kinase, methionine salvage pathway	Amino acid transport and metabolism	COG4857	E:[Amino acid transport and metabolism]	2
E	Bifunctional PLP-dependent enzyme with beta-cystathionase and maltose regulon repressor activities	Amino acid transport and metabolism	COG1168	E:[Amino acid transport and metabolism]	2
R	Imelysin-like iron-regulated protein IrpA, duplicated M75 peptidase-like domain	General function prediction only	COG3489	R:[General function prediction only]	2
G	Polygalacturonase	Carbohydrate transport and metabolism	COG5434	G:[Carbohydrate transport and metabolism]	2
U	Type II secretory pathway, component PulL	Intracellular trafficking, secretion, and vesicular transport	COG3297	U:[Intracellular trafficking, secretion, and vesicular transport]	2
T	MHYT domain, NO-binding membrane sensor	Signal transduction mechanisms	COG3300	T:[Signal transduction mechanisms]	2
I	3-phytase (myo-inositol-hexaphosphate 3-phosphohydrolase)	Lipid transport and metabolism	COG4247	I:[Lipid transport and metabolism]	2
H	Trimethylamine:corrinoid methyltransferase	Coenzyme transport and metabolism	COG5598	H:[Coenzyme transport and metabolism]	2
S	Uncharacterized membrane protein SirB2	Function unknown	COG3094	S:[Function unknown]	2
E	ABC-type dipeptide/oligopeptide/nickel transport system, ATPase component	Amino acid transport and metabolism	COG1124	E:[Amino acid transport and metabolism]	2
M	Outer membrane phospholipase A	Cell wall/membrane/envelope biogenesis	COG2829	M:[Cell wall/membrane/envelope biogenesis]	2
G	5-keto 4-deoxyuronate isomerase	Carbohydrate transport and metabolism	COG3717	G:[Carbohydrate transport and metabolism]	2
Q	Lysine/ornithine N-monooxygenase	Secondary metabolites biosynthesis, transport and catabolism	COG3486	Q:[Secondary metabolites biosynthesis, transport and catabolism]	2
V	Predicted toxin component of a toxin-antitoxin system, contains RES domain	Defense mechanisms	COG5654	V:[Defense mechanisms]	2
P	Cytoplasmic potassium-binding protein Kbp/XkdP/YgaU, contains LysM domain	Inorganic ion transport and metabolism	COG1652	P:[Inorganic ion transport and metabolism]	2
G	Alpha-galactosidase	Carbohydrate transport and metabolism	COG3345	G:[Carbohydrate transport and metabolism]	2
M	Outer membrane lipoprotein LpoA, binds and activates PBP1a	Cell wall/membrane/envelope biogenesis	COG3107	M:[Cell wall/membrane/envelope biogenesis]	2
O	Iron-binding protein Fra/YdhG, frataxin family (Fe-S cluster biosynthesis)	Posttranslational modification, protein turnover, chaperones	COG5646	O:[Posttranslational modification, protein turnover, chaperones]	2
F	ppGpp synthetase catalytic domain (RelA/SpoT-type nucleotidyltranferase)	Nucleotide transport and metabolism	COG2357	F:[Nucleotide transport and metabolism]	2
O	Peptide backbone phosphorylating domain YcaO, involved in protein thioamidation and methylthiolation	Posttranslational modification, protein turnover, chaperones	COG1944	O:[Posttranslational modification, protein turnover, chaperones]	2
H	Thiamine kinase or a related kinase	Coenzyme transport and metabolism	COG0510	H:[Coenzyme transport and metabolism]	2
C	ABC-type Na+ transport system, ATPase component NatA	Energy production and conversion	COG4555	C:[Energy production and conversion]	2
D	Cell wall hydrolase CwlJ, involved in spore germination	Cell cycle control, cell division, chromosome partitioning	COG3773	D:[Cell cycle control, cell division, chromosome partitioning]	2
G	Alpha-mannosidase	Carbohydrate transport and metabolism	COG0383	G:[Carbohydrate transport and metabolism]	2
G	Cellobiose phosphorylase, GH36 family	Carbohydrate transport and metabolism	COG3459	G:[Carbohydrate transport and metabolism]	2
M	L-rhamnose isomerase	Cell wall/membrane/envelope biogenesis	COG4952	M:[Cell wall/membrane/envelope biogenesis]	2
S	Uncharacterized conserved protein YloU, alkaline shock protein (Asp23) family	Function unknown	COG1302	S:[Function unknown]	2
Q	Aromatic ring hydroxylase	Secondary metabolites biosynthesis, transport and catabolism	COG2368	Q:[Secondary metabolites biosynthesis, transport and catabolism]	2
L	Primosomal replication protein N	Replication, recombination and repair	COG2965	L:[Replication, recombination and repair]	2
M	UDP-galactopyranose mutase	Cell wall/membrane/envelope biogenesis	COG0562	M:[Cell wall/membrane/envelope biogenesis]	2
Q	O-Methyltransferase involved in polyketide biosynthesis	Secondary metabolites biosynthesis, transport and catabolism	COG3315	Q:[Secondary metabolites biosynthesis, transport and catabolism]	2
K	DNA-binding transcriptional regulator PaaX (phenylacetic acid degradation)	Transcription	COG3327	K:[Transcription]	2
G	Dihydroxyacetone kinase	Carbohydrate transport and metabolism	COG2376	G:[Carbohydrate transport and metabolism]	2
R	Tetratricopeptide (TPR) repeat	General function prediction only	COG0457	R:[General function prediction only]	2
V	Antitoxin component of toxin-antitoxin stability system, DNA-binding transcriptional repressor, Phd/VapB family	Defense mechanisms	COG4118	V:[Defense mechanisms]	2
O	Sulfatase maturation enzyme AslB, radical SAM superfamily	Posttranslational modification, protein turnover, chaperones	COG0641	O:[Posttranslational modification, protein turnover, chaperones]	2
N	Flagellar assembly factor FliW	Cell motility	COG1699	N:[Cell motility]	2
G	Phosphatase/phosphodiesterase/kojibiose phosphorylase YcjT/PafA/Npp1, AlkP superfamily	Carbohydrate transport and metabolism	COG1554	G:[Carbohydrate transport and metabolism]	2
C	Formaldehyde-activating enzyme (5,6,7,8-tetrahydromethanopterin hydrolyase)	Energy production and conversion	COG1795	C:[Energy production and conversion]	2
C	Ni,Fe-hydrogenase III small subunit	Energy production and conversion	COG3260	C:[Energy production and conversion]	2
V	CRISPR/Cas system-associated endoribonuclease Cas2	Defense mechanisms	COG1343	V:[Defense mechanisms]	2
E	Chorismate mutase AroH	Amino acid transport and metabolism	COG4401	E:[Amino acid transport and metabolism]	2
C	Formate hydrogenlyase subunit HyfC	Energy production and conversion	COG0650	C:[Energy production and conversion]	2
M	Penicillin V acylase or related amidase, Ntn superfamily	Cell wall/membrane/envelope biogenesis	COG3049	M:[Cell wall/membrane/envelope biogenesis]	2
K	Metal-responsive transcriptional regulator, contains CopG/Arc/MetJ DNA-binding domain	Transcription	COG0864	K:[Transcription]	2
C	Flavorubredoxin	Energy production and conversion	COG0426	C:[Energy production and conversion]	2
N	Type II secretion system/type IV pili GspC/PulC/PilP protein, contains PDZ domain	Cell motility	COG3031	N:[Cell motility]	2
J	Archease, activates RNA ligation by RtcB (tRNA splicing)	Translation, ribosomal structure and biogenesis	COG1371	J:[Translation, ribosomal structure and biogenesis]	2
G	Predicted glycosyl hydrolase, contains GH57 and DUF1957 domains	Carbohydrate transport and metabolism	COG1543	G:[Carbohydrate transport and metabolism]	2
R	Vitamin K epoxide reductase (VKOR) family protein, predicted involvement in disulfide bond formation	General function prediction only	COG4243	R:[General function prediction only]	2
H	Glutaminase/glutamine amidotransferase domain of CobB, CobQ, and lipid II isoglutaminyl synthase	Coenzyme transport and metabolism	COG3442	H:[Coenzyme transport and metabolism]	2
C	Ni,Fe-hydrogenase III large subunit	Energy production and conversion	COG3261	C:[Energy production and conversion]	2
P	ABC-type Co2+ transport system, permease component	Inorganic ion transport and metabolism	COG0310	P:[Inorganic ion transport and metabolism]	2
E	Pyruvoyl-dependent arginine decarboxylase	Amino acid transport and metabolism	COG1945	E:[Amino acid transport and metabolism]	2
L	DNA-adenine methylase	Replication, recombination and repair	COG0338	L:[Replication, recombination and repair]	2
N	Chemotaxis protein CheX, a CheY~P-specific phosphatase	Cell motility	COG1406	N:[Cell motility]	2
C	Tartrate dehydratase beta subunit/Fumarate hydratase class I, C-terminal domain	Energy production and conversion	COG1838	C:[Energy production and conversion]	2
C	Na+-translocating ferredoxin:NAD+ oxidoreductase  RNF, RnfC subunit	Energy production and conversion	COG4656	C:[Energy production and conversion]	2
M	Starvation-inducible outer membrane lipoprotein Slp	Cell wall/membrane/envelope biogenesis	COG3065	M:[Cell wall/membrane/envelope biogenesis]	2
T	Phosphoaspartate phosphatase CheC, specific for CheY-P	Signal transduction mechanisms	COG1776	T:[Signal transduction mechanisms]	2
K	Sugar diacid utilization regulator CdaR	Transcription	COG3835	K:[Transcription]	2
I	Glycerol-1-phosphate heptaprenyltransferase	Lipid transport and metabolism	COG1646	I:[Lipid transport and metabolism]	2
K	DNA-binding transcriptional regulator WhiA, involved in cell division	Transcription	COG1481	K:[Transcription]	2
G	L-arabinose isomerase	Carbohydrate transport and metabolism	COG2160	G:[Carbohydrate transport and metabolism]	2
F	Pseudouridine-5'-phosphate glycosidase (pseudoU degradation)	Nucleotide transport and metabolism	COG2313	F:[Nucleotide transport and metabolism]	2
O	Cytoplasmic chaperone TorD involved in molybdoenzyme TorA maturation	Posttranslational modification, protein turnover, chaperones	COG3381	O:[Posttranslational modification, protein turnover, chaperones]	2
I	Acyl CoA:acetate/3-ketoacid CoA transferase	Lipid transport and metabolism	COG4670	I:[Lipid transport and metabolism]	2
F	Uridine phosphorylase	Nucleotide transport and metabolism	COG2820	F:[Nucleotide transport and metabolism]	2
T	Predicted secreted protein YlbL, contains PDZ domain	Signal transduction mechanisms	COG3480	T:[Signal transduction mechanisms]	2
H	Phosphosulfolactate phosphohydrolase or related enzyme	Coenzyme transport and metabolism	COG2045	H:[Coenzyme transport and metabolism]	2
P	ABC-type enterobactin transport system, permease component	Inorganic ion transport and metabolism	COG4779	P:[Inorganic ion transport and metabolism]	2
D	Cell division septum initiation protein DivIVA, interacts with FtsZ and MinD	Cell cycle control, cell division, chromosome partitioning	COG3599	D:[Cell cycle control, cell division, chromosome partitioning]	2
V	Secreted virulence factor YukE/EsxA, WXG100 family	Defense mechanisms	COG4842	V:[Defense mechanisms]	2
C	Succinate/dicarboxylate transporter YjjP, DUF1212 family	Energy production and conversion	COG2966	C:[Energy production and conversion]	2
P	ABC-type hemin transport system, ATPase component	Inorganic ion transport and metabolism	COG4559	P:[Inorganic ion transport and metabolism]	2
P	High-affinity nickel/cobalt permease	Inorganic ion transport and metabolism	COG3376	P:[Inorganic ion transport and metabolism]	2
C	ATP/ADP translocase	Energy production and conversion	COG3202	C:[Energy production and conversion]	2
Q	Acetoacetate decarboxylase	Secondary metabolites biosynthesis, transport and catabolism	COG4689	Q:[Secondary metabolites biosynthesis, transport and catabolism]	2
G	Ribose 1,5-bisphosphate kinase PhnN	Carbohydrate transport and metabolism	COG3709	G:[Carbohydrate transport and metabolism]	2
I	Membrane lysoplasmalogenase (glycerophospholipid hydrolase), YhhN family	Lipid transport and metabolism	COG3714	I:[Lipid transport and metabolism]	2
T	Anti-sigma factor ChrR, cupin superfamily	Signal transduction mechanisms	COG3806	T:[Signal transduction mechanisms]	2
J	RNA:NAD 2'-phosphotransferase, TPT1/KptA family	Translation, ribosomal structure and biogenesis	COG1859	J:[Translation, ribosomal structure and biogenesis]	2
N	Swarming motility protein SwrD	Cell motility	COG1582	N:[Cell motility]	2
S	Uncharacterized conserved protein, contains GYD domain	Function unknown	COG4274	S:[Function unknown]	2
G	D-mannonate dehydratase	Carbohydrate transport and metabolism	COG1312	G:[Carbohydrate transport and metabolism]	2
R	Predicted oxidoreductase	General function prediction only	COG3573	R:[General function prediction only]	2
L	Superfamily II RNA helicase	Replication, recombination and repair	COG4581	L:[Replication, recombination and repair]	2
H	Phosphosulfolactate synthase, CoM biosynthesis protein A	Coenzyme transport and metabolism	COG1809	H:[Coenzyme transport and metabolism]	2
G	Ribulose bisphosphate carboxylase small subunit	Carbohydrate transport and metabolism	COG4451	G:[Carbohydrate transport and metabolism]	2
V	Streptogramin lyase	Defense mechanisms	COG4257	V:[Defense mechanisms]	2
G	Sugar transporter, SemiSWEET family, contains PQ motif	Carbohydrate transport and metabolism	COG4095	G:[Carbohydrate transport and metabolism]	2
U	Type III secretion system protein YscS/SpaQ/EscS/HrcS, SctS family	Intracellular trafficking, secretion, and vesicular transport	COG4794	U:[Intracellular trafficking, secretion, and vesicular transport]	2
T	Forkhead associated (FHA) domain, binds pSer, pThr, pTyr	Signal transduction mechanisms	COG1716	T:[Signal transduction mechanisms]	2
U	Type III secretion system protein YscT/SpaR/EscT/HrcT, SctT family	Intracellular trafficking, secretion, and vesicular transport	COG4791	U:[Intracellular trafficking, secretion, and vesicular transport]	2
U	Type IV secretion system core protein VirB3	Intracellular trafficking, secretion, and vesicular transport	COG3702	U:[Intracellular trafficking, secretion, and vesicular transport]	2
U	Type III secretion system inner ring protein YscJ/PrgK/MxiJ/HrcJ, SctJ family	Intracellular trafficking, secretion, and vesicular transport	COG4669	U:[Intracellular trafficking, secretion, and vesicular transport]	2
J	tRNA A57/A58 N1-methylase Trm61	Translation, ribosomal structure and biogenesis	COG2519	J:[Translation, ribosomal structure and biogenesis]	2
U	Type III secretion system protein YscR/SpaP/EscR/HrcR, SctR family	Intracellular trafficking, secretion, and vesicular transport	COG4790	U:[Intracellular trafficking, secretion, and vesicular transport]	2
U	Type III secretion system gate protein YscV/InvA/EscV/HrcV, SctV family	Intracellular trafficking, secretion, and vesicular transport	COG4789	U:[Intracellular trafficking, secretion, and vesicular transport]	2
L	G:T-mismatch repair DNA endonuclease Vsr, very short patch repair protein	Replication, recombination and repair	COG3727	L:[Replication, recombination and repair]	2
N	Type IV secretion system ATPase VirB11/Archaellum biosynthesis ATPase ArlI/FlaI	Cell motility	COG0630	N:[Cell motility]	2
V	VapC family ribonuclease, toxin component of the VapBC toxin-antitoxin module, contains PIN domain	Defense mechanisms	COG3742	V:[Defense mechanisms]	2
S	Uncharacterized membrane protein YccF, DUF307 family	Function unknown	COG3304	S:[Function unknown]	2
C	Tetraheme cytochrome c subunit NapC of nitrate or TMAO reductase	Energy production and conversion	COG3005	C:[Energy production and conversion]	2
V	VapB family antitoxin component of VapBC type II toxin-antitoxin module	Defense mechanisms	COG4423	V:[Defense mechanisms]	2
S	Uncharacterized membrane protein YcfT	Function unknown	COG4763	S:[Function unknown]	2
H	Heme degradation regulator ChuX/HutX	Coenzyme transport and metabolism	COG3721	H:[Coenzyme transport and metabolism]	2
H	Nitrogenase ATPase subunit NifH/coenzyme F430 biosynthesis subunit CfbC	Coenzyme transport and metabolism	COG1348	H:[Coenzyme transport and metabolism]	2
C	Hydrogenase-4 membrane subunit HyfE	Energy production and conversion	COG4237	C:[Energy production and conversion]	2
E	Glutamate synthase domain 1	Amino acid transport and metabolism	COG0067	E:[Amino acid transport and metabolism]	2
G	Chitinase, GH18 family	Carbohydrate transport and metabolism	COG3325	G:[Carbohydrate transport and metabolism]	2
G	Mannose-6-phosphate isomerase, class I	Carbohydrate transport and metabolism	COG1482	G:[Carbohydrate transport and metabolism]	2
G	Oxalate decarboxylase/archaeal phosphoglucose isomerase, cupin superfamily	Carbohydrate transport and metabolism	COG2140	G:[Carbohydrate transport and metabolism]	2
K	DNA-binding winged helix-turn-helix (wHTH) domain	Transcription	COG3710	K:[Transcription]	2
C	Ni,Fe-hydrogenase I large subunit	Energy production and conversion	COG0374	C:[Energy production and conversion]	2
C	Ni,Fe-hydrogenase I small subunit	Energy production and conversion	COG1740	C:[Energy production and conversion]	2
V	Reactive chlorine resistance protein RclC/YkgB, DUF417 family	Defense mechanisms	COG3059	V:[Defense mechanisms]	2
G	Tagatose-1,6-bisphosphate/sulfofructosephosphate aldolase	Carbohydrate transport and metabolism	COG3684	G:[Carbohydrate transport and metabolism]	2
S	Uncharacterized membrane protein, DUF2127 family	Function unknown	COG3305	S:[Function unknown]	2
E	Arginine/ornithine N-succinyltransferase beta subunit	Amino acid transport and metabolism	COG3138	E:[Amino acid transport and metabolism]	3
G	Phosphotransferase system IIC components, glucose/maltose/N-acetylglucosamine-specific	Carbohydrate transport and metabolism	COG1263	G:[Carbohydrate transport and metabolism]	3
M	Phosphoethanolamine transferase for periplasmic glucans OpgE, AlkP superfamily	Cell wall/membrane/envelope biogenesis	COG2194	M:[Cell wall/membrane/envelope biogenesis]	3
F	Cytosine/uracil/thiamine/allantoin permease	Nucleotide transport and metabolism	COG1953	F:[Nucleotide transport and metabolism]	3
K	Transcriptional regulator DhaR of acetoin/glycerol metabolism	Transcription	COG3284	K:[Transcription]	3
E	ABC-type arginine/histidine transport system, permease component	Amino acid transport and metabolism	COG4160	E:[Amino acid transport and metabolism]	3
E	ABC-type arginine transport system, permease component	Amino acid transport and metabolism	COG4215	E:[Amino acid transport and metabolism]	3
I	Triacylglycerol esterase/lipase EstA, alpha/beta hydrolase fold	Lipid transport and metabolism	COG1075	I:[Lipid transport and metabolism]	3
M	Choline-glycine betaine transporter	Cell wall/membrane/envelope biogenesis	COG1292	M:[Cell wall/membrane/envelope biogenesis]	3
P	High-affinity Fe2+/Pb2+ permease	Inorganic ion transport and metabolism	COG0672	P:[Inorganic ion transport and metabolism]	3
G	Sucrose-6-phosphate hydrolase SacC, GH32 family	Carbohydrate transport and metabolism	COG1621	G:[Carbohydrate transport and metabolism]	3
Q	Predicted benzoate:H+ symporter BenE	Secondary metabolites biosynthesis, transport and catabolism	COG3135	Q:[Secondary metabolites biosynthesis, transport and catabolism]	3
E	Aspartate/aromatic aminotransferase	Amino acid transport and metabolism	COG1448	E:[Amino acid transport and metabolism]	3
R	Predicted phosphoribosyltransferase	General function prediction only	COG1926	R:[General function prediction only]	3
C	2-Methylaconitate cis-trans-isomerase PrpF (2-methyl citrate pathway)	Energy production and conversion	COG2828	C:[Energy production and conversion]	3
E	Arginine exporter protein ArgO	Amino acid transport and metabolism	COG1279	E:[Amino acid transport and metabolism]	3
P	Heme oxygenase	Inorganic ion transport and metabolism	COG3230	P:[Inorganic ion transport and metabolism]	3
X	Retron-type reverse transcriptase	Mobilome: prophages, transposons	COG3344	X:[Mobilome: prophages, transposons]	3
U	Two-partner (type Vb) secretion system  protein, HlyB/FhaC/ShlB/HecB family	Intracellular trafficking, secretion, and vesicular transport	COG2831	U:[Intracellular trafficking, secretion, and vesicular transport]	3
T	Stress response protein SCP2	Signal transduction mechanisms	COG2310	T:[Signal transduction mechanisms]	3
P	Mn-containing catalase (includes spore coat protein CotJC)	Inorganic ion transport and metabolism	COG3546	P:[Inorganic ion transport and metabolism]	3
S	Membrane protein potentially involved in acetate utilization, DUF485 family	Function unknown	COG3162	S:[Function unknown]	3
R	Spore maturation protein SpmA (function unknown)	General function prediction only	COG2715	R:[General function prediction only]	3
C	Heme/copper-type cytochrome/quinol oxidase, subunit 4	Energy production and conversion	COG3125	C:[Energy production and conversion]	3
S	Uncharacterized membrane protein YbaN, DUF454 family	Function unknown	COG2832	S:[Function unknown]	3
L	DNA recombination-dependent growth factor RdgC	Replication, recombination and repair	COG2974	L:[Replication, recombination and repair]	3
N	Cyclic di-GMP-binding flagellar brake protein FlgZ/YcgR, contains PilZNR(YcgR) and PilZ domains	Cell motility	COG5581	N:[Cell motility]	3
S	Various environmental stresses-induced protein Ves (function unknown)	Function unknown	COG3758	S:[Function unknown]	3
S	Uncharacterized membrane protein YqjE	Function unknown	COG5393	S:[Function unknown]	3
V	Alkyl hydroperoxide reductase subunit AhpF	Defense mechanisms	COG3634	V:[Defense mechanisms]	3
I	Phospholipase/lecithinase/hemolysin, may have acyltransferase activity	Lipid transport and metabolism	COG3240	I:[Lipid transport and metabolism]	3
F	5-hydroxyisourate hydrolase (purine catabolism), transthyretin-related family	Nucleotide transport and metabolism	COG2351	F:[Nucleotide transport and metabolism]	3
R	Uncharacterized protein, contains GH25 family domain	General function prediction only	COG5266	R:[General function prediction only]	3
H	Triphosphoribosyl-dephospho-CoA synthetase	Coenzyme transport and metabolism	COG1767	H:[Coenzyme transport and metabolism]	3
E	Ethanolamine ammonia-lyase, small subunit	Amino acid transport and metabolism	COG4302	E:[Amino acid transport and metabolism]	3
M	Putative effector of murein hydrolase	Cell wall/membrane/envelope biogenesis	COG1346	M:[Cell wall/membrane/envelope biogenesis]	3
G	Mannose or cellobiose epimerase, N-acyl-D-glucosamine 2-epimerase family	Carbohydrate transport and metabolism	COG2942	G:[Carbohydrate transport and metabolism]	3
E	Proline racemase/hydroxyproline epimerase	Amino acid transport and metabolism	COG3938	E:[Amino acid transport and metabolism]	3
E	Glycine cleavage system regulator GcvR	Amino acid transport and metabolism	COG2716	E:[Amino acid transport and metabolism]	3
R	Putative effector of murein hydrolase LrgA, UPF0299 family	General function prediction only	COG1380	R:[General function prediction only]	3
M	Bacterial lipocalin Blc	Cell wall/membrane/envelope biogenesis	COG3040	M:[Cell wall/membrane/envelope biogenesis]	3
J	tRNA U34 2-selenouridine synthase SelU, contains rhodanese domain	Translation, ribosomal structure and biogenesis	COG2603	J:[Translation, ribosomal structure and biogenesis]	3
D	Cell division protein FtsN	Cell cycle control, cell division, chromosome partitioning	COG3087	D:[Cell cycle control, cell division, chromosome partitioning]	3
E	ABC-type methionine transport system, permease component	Amino acid transport and metabolism	COG2011	E:[Amino acid transport and metabolism]	3
S	Uncharacterized membrane protein YhaH, DUF805 family	Function unknown	COG3152	S:[Function unknown]	3
E	Ethanolamine ammonia-lyase, large subunit	Amino acid transport and metabolism	COG4303	E:[Amino acid transport and metabolism]	3
M	Outer membrane lipoprotein SlyB	Cell wall/membrane/envelope biogenesis	COG3133	M:[Cell wall/membrane/envelope biogenesis]	3
H	Nicotinamide riboside transporter PnuC	Coenzyme transport and metabolism	COG3201	H:[Coenzyme transport and metabolism]	3
Q	Ca2+-binding protein, RTX toxin-related	Secondary metabolites biosynthesis, transport and catabolism	COG2931	Q:[Secondary metabolites biosynthesis, transport and catabolism]	3
E	ABC-type methionine transport system, ATPase component	Amino acid transport and metabolism	COG1135	E:[Amino acid transport and metabolism]	3
C	Monomeric isocitrate dehydrogenase	Energy production and conversion	COG2838	C:[Energy production and conversion]	3
K	Negative regulator of flagellin synthesis (anti-sigma28 factor)	Transcription	COG2747	K:[Transcription]	3
L	Scaffold subunit RecC of the DNA repair enzyme RecBCD (exonuclease V)	Replication, recombination and repair	COG1330	L:[Replication, recombination and repair]	3
E	Glutathionylspermidine synthase, CHAP domain	Amino acid transport and metabolism	COG0754	E:[Amino acid transport and metabolism]	3
E	Homocysteine/selenocysteine methylase (S-methylmethionine-dependent)	Amino acid transport and metabolism	COG2040	E:[Amino acid transport and metabolism]	3
F	2-oxo-4-hydroxy-4-carboxy--5-ureidoimidazoline (OHCU) decarboxylase (uric acid degradation)	Nucleotide transport and metabolism	COG3195	F:[Nucleotide transport and metabolism]	3
C	L-lactate permease	Energy production and conversion	COG1620	C:[Energy production and conversion]	3
F	Formate-dependent phosphoribosylglycinamide formyltransferase (GAR transformylase)	Nucleotide transport and metabolism	COG0027	F:[Nucleotide transport and metabolism]	3
J	Translation initiation factor 1 (eIF-1/SUI1)	Translation, ribosomal structure and biogenesis	COG0023	J:[Translation, ribosomal structure and biogenesis]	3
G	Mannitol-1-phosphate/altronate dehydrogenases	Carbohydrate transport and metabolism	COG0246	G:[Carbohydrate transport and metabolism]	3
M	Membrane-bound lytic murein transglycosylase MltF	Cell wall/membrane/envelope biogenesis	COG4623	M:[Cell wall/membrane/envelope biogenesis]	3
G	Beta-xylosidase	Carbohydrate transport and metabolism	COG3507	G:[Carbohydrate transport and metabolism]	3
L	DNA-binding protein YaaA associated with the oxidative stress response	Replication, recombination and repair	COG3022	L:[Replication, recombination and repair]	3
P	Copper-binding protein CopC (methionine-rich)	Inorganic ion transport and metabolism	COG2372	P:[Inorganic ion transport and metabolism]	3
G	2-keto-3-deoxy-galactonokinase	Carbohydrate transport and metabolism	COG3734	G:[Carbohydrate transport and metabolism]	3
E	Aspartate ammonia-lyase	Amino acid transport and metabolism	COG1027	E:[Amino acid transport and metabolism]	3
M	Outer membrane protein assembly factor BamC	Cell wall/membrane/envelope biogenesis	COG3317	M:[Cell wall/membrane/envelope biogenesis]	3
T	RecA-superfamily ATPase, KaiC/GvpD/RAD55 family	Signal transduction mechanisms	COG0467	T:[Signal transduction mechanisms]	3
K	ATP-, maltotriose- and DNA-dependent transcriptional regulator MalT	Transcription	COG2909	K:[Transcription]	3
H	Gamma-glutamylcysteine synthetase	Coenzyme transport and metabolism	COG2918	H:[Coenzyme transport and metabolism]	3
U	Type II secretory pathway, component PulM	Intracellular trafficking, secretion, and vesicular transport	COG3149	U:[Intracellular trafficking, secretion, and vesicular transport]	3
J	Ribosomal protein L16 Arg81 hydroxylase, contains JmjC domain	Translation, ribosomal structure and biogenesis	COG2850	J:[Translation, ribosomal structure and biogenesis]	3
G	Rhamnogalacturonyl hydrolase YesR	Carbohydrate transport and metabolism	COG4225	G:[Carbohydrate transport and metabolism]	3
M	Fructoselysine-6-P-deglycase FrlB or related protein, duplicated sugar isomerase (SIS) domain	Cell wall/membrane/envelope biogenesis	COG2222	M:[Cell wall/membrane/envelope biogenesis]	3
G	Beta-galactosidase GanA	Carbohydrate transport and metabolism	COG1874	G:[Carbohydrate transport and metabolism]	3
E	Putative aminopeptidase FrvX	Amino acid transport and metabolism	COG1363	E:[Amino acid transport and metabolism]	3
C	Hemoglobin-like flavoprotein	Energy production and conversion	COG1017	C:[Energy production and conversion]	3
D	Stage II sporulation protein SpoIIM, component of the engulfment complex	Cell cycle control, cell division, chromosome partitioning	COG1300	D:[Cell cycle control, cell division, chromosome partitioning]	3
T	N-acyl-homoserine lactone synthase LasI (autoinducer biosynthesis)	Signal transduction mechanisms	COG3916	T:[Signal transduction mechanisms]	3
O	Fe-S-cluster formation regulator IscX/YfhJ	Posttranslational modification, protein turnover, chaperones	COG2975	O:[Posttranslational modification, protein turnover, chaperones]	3
F	Flavoprotein (flavin reductase) subunit CysJ of sulfite and N-hydroxylaminopurine reductases	Nucleotide transport and metabolism	COG0369	F:[Nucleotide transport and metabolism]	3
P	Formate/nitrite transporter FocA, FNT family	Inorganic ion transport and metabolism	COG2116	P:[Inorganic ion transport and metabolism]	3
K	Superfamily II DNA or RNA helicase, SNF2 family	Transcription	COG0553	K:[Transcription]	3
P	Alkaline phosphatase	Inorganic ion transport and metabolism	COG1785	P:[Inorganic ion transport and metabolism]	3
S	Uncharacterized protein HemY, contains HemY_N domain and TPR repeats (unrelated to protoporphyrinogen oxidase HemY)	Function unknown	COG3071	S:[Function unknown]	3
N	Phosphoaspartate phosphatase CheZ, dephosphorylates CheY~P	Cell motility	COG3143	N:[Cell motility]	3
R	Uncharacterized conserved protein YaeQ, putative virulence regulator	General function prediction only	COG4681	R:[General function prediction only]	3
P	Fe-S cluster assembly protein CyaY, frataxin homolog	Inorganic ion transport and metabolism	COG1965	P:[Inorganic ion transport and metabolism]	3
E	Glutaminase	Amino acid transport and metabolism	COG2066	E:[Amino acid transport and metabolism]	3
C	Trans-aconitate methyltransferase	Energy production and conversion	COG4106	C:[Energy production and conversion]	3
G	N-acetyl-beta-hexosaminidase	Carbohydrate transport and metabolism	COG3525	G:[Carbohydrate transport and metabolism]	3
K	Transcriptional regulator, contains Arc/MetJ-type RHH (ribbon-helix-helix) DNA-binding domain	Transcription	COG3609	K:[Transcription]	3
P	Putative copper export protein	Inorganic ion transport and metabolism	COG1276	P:[Inorganic ion transport and metabolism]	3
Q	ABC-type microcin C transport system, permease component YejB	Secondary metabolites biosynthesis, transport and catabolism	COG4174	Q:[Secondary metabolites biosynthesis, transport and catabolism]	3
Q	ABC-type microcin C transport system, permease component YejE	Secondary metabolites biosynthesis, transport and catabolism	COG4239	Q:[Secondary metabolites biosynthesis, transport and catabolism]	3
V	GAF domain-containing protein, putative methionine-R-sulfoxide reductase	Defense mechanisms	COG1956	V:[Defense mechanisms]	3
M	Flagellum-specific peptidoglycan hydrolase FlgJ	Cell wall/membrane/envelope biogenesis	COG1705	M:[Cell wall/membrane/envelope biogenesis]	3
L	Membrane protein MutK/YedI, may be involved in DNA repair	Replication, recombination and repair	COG2354	L:[Replication, recombination and repair]	3
U	Type II secretion system protein PulJ/XcpW	Intracellular trafficking, secretion, and vesicular transport	COG4795	U:[Intracellular trafficking, secretion, and vesicular transport]	3
E	1-aminocyclopropane-1-carboxylate deaminase/D-cysteine desulfhydrase, PLP-dependent ACC family	Amino acid transport and metabolism	COG2515	E:[Amino acid transport and metabolism]	3
R	Predicted glutamine amidotransferase YafJ	General function prediction only	COG0121	R:[General function prediction only]	3
F	Dihydroorotase	Nucleotide transport and metabolism	COG0418	F:[Nucleotide transport and metabolism]	3
L	Uracil-DNA glycosylase	Replication, recombination and repair	COG0692	L:[Replication, recombination and repair]	3
G	Glycerate kinase	Carbohydrate transport and metabolism	COG1929	G:[Carbohydrate transport and metabolism]	3
I	Isopentenyldiphosphate isomerase	Lipid transport and metabolism	COG1443	I:[Lipid transport and metabolism]	3
V	NTP pyrophosphatase, house-cleaning of non-canonical NTPs	Defense mechanisms	COG1694	V:[Defense mechanisms]	3
G	1-phosphofructokinase or 6-phosphofructokinase II	Carbohydrate transport and metabolism	COG1105	G:[Carbohydrate transport and metabolism]	3
T	Mlc titration factor MtfA, regulates ptsG expression	Signal transduction mechanisms	COG3228	T:[Signal transduction mechanisms]	3
P	Periplasmic deferrochelatase/peroxidase EfeB	Inorganic ion transport and metabolism	COG2837	P:[Inorganic ion transport and metabolism]	3
G	Xylose isomerase	Carbohydrate transport and metabolism	COG2115	G:[Carbohydrate transport and metabolism]	3
P	Cyanate lyase	Inorganic ion transport and metabolism	COG1513	P:[Inorganic ion transport and metabolism]	3
T	c-di-GMP phosphodiesterase YuxH/PdeH, contains EAL and HDOD domains	Signal transduction mechanisms	COG3434	T:[Signal transduction mechanisms]	3
J	tRNA A37 threonylcarbamoyladenosine dehydratase	Translation, ribosomal structure and biogenesis	COG1179	J:[Translation, ribosomal structure and biogenesis]	3
O	Urease accessory protein UreE	Posttranslational modification, protein turnover, chaperones	COG2371	O:[Posttranslational modification, protein turnover, chaperones]	3
N	Flagellar hook-length control protein FliK	Cell motility	COG3144	N:[Cell motility]	3
R	Putative translation regulator, IMPACT (imprinted ancient) protein family	General function prediction only	COG1739	R:[General function prediction only]	3
M	Amino acid racemase YgeA	Cell wall/membrane/envelope biogenesis	COG1794	M:[Cell wall/membrane/envelope biogenesis]	3
C	Cytochrome c551/c552	Energy production and conversion	COG4654	C:[Energy production and conversion]	3
E	Phenylalanine-4-hydroxylase	Amino acid transport and metabolism	COG3186	E:[Amino acid transport and metabolism]	3
K	DNA-binding transcriptional regulator LsrR, DeoR family	Transcription	COG2390	K:[Transcription]	3
P	Inorganic triphosphatase YgiF, contains CYTH and CHAD domains	Inorganic ion transport and metabolism	COG3025	P:[Inorganic ion transport and metabolism]	3
T	HPt (histidine-containing phosphotransfer) domain	Signal transduction mechanisms	COG2198	T:[Signal transduction mechanisms]	3
T	K+-sensing histidine kinase KdpD	Signal transduction mechanisms	COG2205	T:[Signal transduction mechanisms]	3
B	DNA-binding chromatin protein H-NS	Chromatin structure and dynamics	COG2916	B:[Chromatin structure and dynamics]	3
C	Isocitrate lyase	Energy production and conversion	COG2224	C:[Energy production and conversion]	3
E	Arginine/lysine/ornithine decarboxylase	Amino acid transport and metabolism	COG1982	E:[Amino acid transport and metabolism]	3
P	Cation (Ca2+/Na+/K+)/H+ antiporter ChaA	Inorganic ion transport and metabolism	COG0387	P:[Inorganic ion transport and metabolism]	3
G	ABC-type xylose transport system, permease component	Carbohydrate transport and metabolism	COG4214	G:[Carbohydrate transport and metabolism]	3
N	Flagellar basal body P-ring formation protein FlgA	Cell motility	COG1261	N:[Cell motility]	3
N	Flagellar basal body rod protein FlgF	Cell motility	COG4787	N:[Cell motility]	3
F	Inosine-uridine nucleoside N-ribohydrolase	Nucleotide transport and metabolism	COG1957	F:[Nucleotide transport and metabolism]	3
C	Na+/H+ antiporter NhaA	Energy production and conversion	COG3004	C:[Energy production and conversion]	3
H	Pyrroloquinoline quinone (PQQ) synthase PqqC, TenA/Thi4/PqqC family	Coenzyme transport and metabolism	COG5424	H:[Coenzyme transport and metabolism]	3
G	6-phosphogluconolactonase, cycloisomerase 2 family	Carbohydrate transport and metabolism	COG2706	G:[Carbohydrate transport and metabolism]	3
U	Type II secretion system/DNA uptake membrane channel ComE/HofQ	Intracellular trafficking, secretion, and vesicular transport	COG4796	U:[Intracellular trafficking, secretion, and vesicular transport]	3
O	Peroxiredoxin	Posttranslational modification, protein turnover, chaperones	COG2077	O:[Posttranslational modification, protein turnover, chaperones]	3
D	Septum site-determining protein MinC	Cell cycle control, cell division, chromosome partitioning	COG0850	D:[Cell cycle control, cell division, chromosome partitioning]	3
D	Septum site-determining ATPase MinD	Cell cycle control, cell division, chromosome partitioning	COG2894	D:[Cell cycle control, cell division, chromosome partitioning]	3
M	L-rhamnose mutarotase	Cell wall/membrane/envelope biogenesis	COG3254	M:[Cell wall/membrane/envelope biogenesis]	3
E	Urease beta subunit	Amino acid transport and metabolism	COG0832	E:[Amino acid transport and metabolism]	3
H	Demethoxyubiquinone hydroxylase, CLK1/Coq7/Cat5 family (ubiquinone biosynthesis)	Coenzyme transport and metabolism	COG2941	H:[Coenzyme transport and metabolism]	3
J	tRNA (Thr-GGU) A37 N6-methylase	Translation, ribosomal structure and biogenesis	COG1720	J:[Translation, ribosomal structure and biogenesis]	3
R	Predicted esterase of the alpha/beta hydrolase fold	General function prediction only	COG3545	R:[General function prediction only]	3
O	Heat shock protein HslJ	Posttranslational modification, protein turnover, chaperones	COG3187	O:[Posttranslational modification, protein turnover, chaperones]	3
S	Uncharacterized membrane protein YebE, DUF533 family	Function unknown	COG2979	S:[Function unknown]	3
P	NADPH-dependent ferric siderophore reductase, contains FAD-binding and SIP domains	Inorganic ion transport and metabolism	COG2375	P:[Inorganic ion transport and metabolism]	3
R	Flavin-binding protein dodecin	General function prediction only	COG3360	R:[General function prediction only]	3
H	4-hydroxybenzoate synthetase (chorismate-pyruvate lyase)	Coenzyme transport and metabolism	COG3161	H:[Coenzyme transport and metabolism]	3
K	Transcriptional regulator of competence genes, TfoX/Sxy family	Transcription	COG3070	K:[Transcription]	3
G	Phosphoglucomutase/phosphomannomutase	Carbohydrate transport and metabolism	COG0033	G:[Carbohydrate transport and metabolism]	3
L	DNA repair exonuclease SbcCD ATPase subunit	Replication, recombination and repair	COG0419	L:[Replication, recombination and repair]	3
R	Predicted flavin-containing amine oxidase	General function prediction only	COG2907	R:[General function prediction only]	3
G	ABC-type xylose transport system, periplasmic component	Carbohydrate transport and metabolism	COG4213	G:[Carbohydrate transport and metabolism]	3
G	Gluconate kinase	Carbohydrate transport and metabolism	COG3265	G:[Carbohydrate transport and metabolism]	3
G	Methylglyoxal synthase	Carbohydrate transport and metabolism	COG1803	G:[Carbohydrate transport and metabolism]	3
T	Chemotaxis receptor (MCP) glutamine deamidase CheD	Signal transduction mechanisms	COG1871	T:[Signal transduction mechanisms]	3
P	Multisubunit Na+/H+ antiporter, MnhE subunit	Inorganic ion transport and metabolism	COG1863	P:[Inorganic ion transport and metabolism]	3
L	Site-specific recombinase XerC	Replication, recombination and repair	COG4973	L:[Replication, recombination and repair]	3
N	Flagellar biosynthesis/Type III secretion system protein FliN/YscQ/SpaO/HrcQ, SctQ family	Cell motility	COG1886	N:[Cell motility]	3
E	Na+/alanine symporter	Amino acid transport and metabolism	COG1115	E:[Amino acid transport and metabolism]	3
K	Predicted DNA-binding protein with double-wing structural motif, MmcQ/YjbR family	Transcription	COG2315	K:[Transcription]	3
N	Type IV pilus major pilin PilA	Cell motility	COG4969	N:[Cell motility]	3
M	Outer membrane scaffolding protein for murein synthesis, MipA/OmpV family	Cell wall/membrane/envelope biogenesis	COG3713	M:[Cell wall/membrane/envelope biogenesis]	3
D	Septum formation topological specificity factor MinE	Cell cycle control, cell division, chromosome partitioning	COG0851	D:[Cell cycle control, cell division, chromosome partitioning]	3
N	Flagellar biosynthesis chaperone FliJ	Cell motility	COG2882	N:[Cell motility]	3
H	Ubiquinone biosynthesis protein UbiJ, contains SCP2 domain	Coenzyme transport and metabolism	COG3165	H:[Coenzyme transport and metabolism]	3
L	G:T/U-mismatch repair DNA glycosylase	Replication, recombination and repair	COG3663	L:[Replication, recombination and repair]	3
X	Phage repressor protein C, contains Cro/C1-type HTH and peptidase S24 domains	Mobilome: prophages, transposons	COG2932	X:[Mobilome: prophages, transposons]	3
M	Cell shape-determining protein MreD	Cell wall/membrane/envelope biogenesis	COG2891	M:[Cell wall/membrane/envelope biogenesis]	3
M	Outer membrane lipoprotein LolB, involved in outer membrane biogenesis	Cell wall/membrane/envelope biogenesis	COG3017	M:[Cell wall/membrane/envelope biogenesis]	3
P	Cu/Zn superoxide dismutase	Inorganic ion transport and metabolism	COG2032	P:[Inorganic ion transport and metabolism]	3
K	DNA-binding protein Fis (factor for inversion stimulation)	Transcription	COG2901	K:[Transcription]	3
M	Lipopolysaccharide export system protein LptC	Cell wall/membrane/envelope biogenesis	COG3117	M:[Cell wall/membrane/envelope biogenesis]	3
N	Flagellar biogenesis protein FliO	Cell motility	COG3190	N:[Cell motility]	3
P	Mg2+ and Co2+ transporter CorC, contains CBS pair and CorC-HlyC domains	Inorganic ion transport and metabolism	COG4535	P:[Inorganic ion transport and metabolism]	3
Q	Ectoine hydroxylase-related dioxygenase, phytanoyl-CoA dioxygenase (PhyH) family	Secondary metabolites biosynthesis, transport and catabolism	COG5285	Q:[Secondary metabolites biosynthesis, transport and catabolism]	3
O	Stringent starvation protein B, binds SsrA peptide	Posttranslational modification, protein turnover, chaperones	COG2969	O:[Posttranslational modification, protein turnover, chaperones]	3
V	Putative antitoxin component PasI (RatB) of the RatAB toxin-antitoxin module, ubiquitin-RnfH superfamily	Defense mechanisms	COG2914	V:[Defense mechanisms]	3
D	Cell division protein FtsL, interacts with FtsB and FtsQ	Cell cycle control, cell division, chromosome partitioning	COG3116	D:[Cell cycle control, cell division, chromosome partitioning]	3
M	Lipopolysaccharide export system lipoprotein LptE/RlpB	Cell wall/membrane/envelope biogenesis	COG2980	M:[Cell wall/membrane/envelope biogenesis]	3
E	NAD-specific glutamate dehydrogenase	Amino acid transport and metabolism	COG2902	E:[Amino acid transport and metabolism]	3
E	Proline dehydrogenase	Amino acid transport and metabolism	COG0506	E:[Amino acid transport and metabolism]	3
G	DNA-binding protein, stimulates sugar fermentation	Carbohydrate transport and metabolism	COG1489	G:[Carbohydrate transport and metabolism]	3
K	DNA-binding transcriptional regulator GbsR, MarR family	Transcription	COG1510	K:[Transcription]	3
P	Multisubunit Na+/H+ antiporter, MnhG subunit	Inorganic ion transport and metabolism	COG1320	P:[Inorganic ion transport and metabolism]	3
P	Multisubunit Na+/H+ antiporter, MnhF subunit	Inorganic ion transport and metabolism	COG2212	P:[Inorganic ion transport and metabolism]	3
R	Proteobacterial HemX domain, involved in 2-ketogluconate production (unrelated to B. subtilis HemX, COG0755, no evidence of involvement in heme biosynthesis)	General function prediction only	COG2959	R:[General function prediction only]	3
E	Asp/Glu/hydantoin racemase	Amino acid transport and metabolism	COG4126	E:[Amino acid transport and metabolism]	3
G	Maltooligosyltrehalose synthase	Carbohydrate transport and metabolism	COG3280	G:[Carbohydrate transport and metabolism]	3
E	5-oxoprolinase subunit A	Amino acid transport and metabolism	COG1540	E:[Amino acid transport and metabolism]	3
C	NhaP-type Na+/H+ and K+/H+ antiporter with C-terminal TrkAC and CorC domains	Energy production and conversion	COG3263	C:[Energy production and conversion]	3
U	Type II secretory pathway, component PulK	Intracellular trafficking, secretion, and vesicular transport	COG3156	U:[Intracellular trafficking, secretion, and vesicular transport]	3
O	Urease accessory protein UreD/UreH	Posttranslational modification, protein turnover, chaperones	COG0829	O:[Posttranslational modification, protein turnover, chaperones]	3
E	Urease gamma subunit	Amino acid transport and metabolism	COG0831	E:[Amino acid transport and metabolism]	3
C	Cytochrome c5	Energy production and conversion	COG3245	C:[Energy production and conversion]	3
E	Urease alpha subunit	Amino acid transport and metabolism	COG0804	E:[Amino acid transport and metabolism]	3
O	Urease accessory protein UreF	Posttranslational modification, protein turnover, chaperones	COG0830	O:[Posttranslational modification, protein turnover, chaperones]	3
E	S-adenosylmethionine decarboxylase	Amino acid transport and metabolism	COG1586	E:[Amino acid transport and metabolism]	3
E	Tryptophan 2,3-dioxygenase (vermilion)	Amino acid transport and metabolism	COG3483	E:[Amino acid transport and metabolism]	3
O	Periplasmic chaperone Spy, Spy/CpxP family	Posttranslational modification, protein turnover, chaperones	COG3678	O:[Posttranslational modification, protein turnover, chaperones]	3
C	Nitrate reductase beta subunit	Energy production and conversion	COG1140	C:[Energy production and conversion]	3
E	5-oxoprolinase subunit C/Allophanate hydrolase subunit 2	Amino acid transport and metabolism	COG1984	E:[Amino acid transport and metabolism]	3
C	Na+-translocating ferredoxin:NAD+ oxidoreductase RNF, RnfB subunit	Energy production and conversion	COG2878	C:[Energy production and conversion]	3
M	MlaB (STAS domain) subunit of the ABC-type intermembrane phospholipid transporter Mla	Cell wall/membrane/envelope biogenesis	COG3113	M:[Cell wall/membrane/envelope biogenesis]	3
H	Putative GTP cyclohydrolase 1 type 2, NIF3 family	Coenzyme transport and metabolism	COG0327	H:[Coenzyme transport and metabolism]	3
S	General stress protein 26 (function unknown)	Function unknown	COG3871	S:[Function unknown]	3
E	5-oxoprolinase subunit B/Allophanate hydrolase subunit 1	Amino acid transport and metabolism	COG2049	E:[Amino acid transport and metabolism]	3
T	Fermentation-respiration switch esterase FrsA, DUF1100 family	Signal transduction mechanisms	COG1073	T:[Signal transduction mechanisms]	3
I	Membrane-associated phospholipid phosphatase	Lipid transport and metabolism	COG0671	I:[Lipid transport and metabolism]	3
P	Bacterioferritin-associated ferredoxin	Inorganic ion transport and metabolism	COG2906	P:[Inorganic ion transport and metabolism]	3
P	Putative heme iron utilization protein, contains PNPOx domain	Inorganic ion transport and metabolism	COG0748	P:[Inorganic ion transport and metabolism]	3
P	Multisubunit Na+/H+ antiporter, MnhC subunit	Inorganic ion transport and metabolism	COG1006	P:[Inorganic ion transport and metabolism]	3
G	Chitooligosaccharide deacetylase ChbG, YdjC/CelG family	Carbohydrate transport and metabolism	COG3394	G:[Carbohydrate transport and metabolism]	3
M	Phage shock protein A involved in membrane remodeling, PspA/Vipp1/IM30 family	Cell wall/membrane/envelope biogenesis	COG1842	M:[Cell wall/membrane/envelope biogenesis]	3
K	DNA-binding transcriptional regulator ModE (molybdenum-dependent)	Transcription	COG2005	K:[Transcription]	3
S	Uncharacterized coiled-coil protein SlyX (sensitive to lysis X)	Function unknown	COG2900	S:[Function unknown]	3
T	Acid stress protein IbaG/YrbA, BolA-like family	Signal transduction mechanisms	COG5007	T:[Signal transduction mechanisms]	3
C	L-lactate utilization protein LutC, contains LUD domain	Energy production and conversion	COG1556	C:[Energy production and conversion]	3
M	Sialic acid synthase SpsE, contains C-terminal SAF domain	Cell wall/membrane/envelope biogenesis	COG2089	M:[Cell wall/membrane/envelope biogenesis]	3
H	GTP cyclohydrolase FolE2	Coenzyme transport and metabolism	COG1469	H:[Coenzyme transport and metabolism]	3
J	Ribonuclease I	Translation, ribosomal structure and biogenesis	COG3719	J:[Translation, ribosomal structure and biogenesis]	3
R	Membrane-bound metal-dependent hydrolase YbcI, DUF457 family	General function prediction only	COG1988	R:[General function prediction only]	3
J	RNA-binding protein YhbY	Translation, ribosomal structure and biogenesis	COG1534	J:[Translation, ribosomal structure and biogenesis]	3
M	ADP-heptose synthase, bifunctional sugar kinase/adenylyltransferase	Cell wall/membrane/envelope biogenesis	COG2870	M:[Cell wall/membrane/envelope biogenesis]	3
H	Precorrin-6x reductase	Coenzyme transport and metabolism	COG2099	H:[Coenzyme transport and metabolism]	3
J	Ribosome-associated RNA-binding protein YbcJ, S4-like RNA-binding protein	Translation, ribosomal structure and biogenesis	COG2501	J:[Translation, ribosomal structure and biogenesis]	3
G	Uncharacterized conserved protein YibQ, putative polysaccharide deacetylase 2 family	Carbohydrate transport and metabolism	COG2861	G:[Carbohydrate transport and metabolism]	3
G	BadF-type ATPase, related to human N-acetylglucosamine kinase	Carbohydrate transport and metabolism	COG2971	G:[Carbohydrate transport and metabolism]	3
H	Pyridoxal/pyridoxine/pyridoxamine kinase	Coenzyme transport and metabolism	COG2240	H:[Coenzyme transport and metabolism]	3
C	Cytochrome c556	Energy production and conversion	COG3909	C:[Energy production and conversion]	3
C	Glutathionyl-hydroquinone reductase	Energy production and conversion	COG0435	C:[Energy production and conversion]	3
M	Membrane glycosyltransferase	Cell wall/membrane/envelope biogenesis	COG2943	M:[Cell wall/membrane/envelope biogenesis]	3
H	Precorrin-3B methylase	Coenzyme transport and metabolism	COG1010	H:[Coenzyme transport and metabolism]	3
H	Precorrin-8X methylmutase CbiC/CobH	Coenzyme transport and metabolism	COG2082	H:[Coenzyme transport and metabolism]	3
K	DNA-directed RNA polymerase, beta subunit/140 kD subunit	Transcription	COG0085	K:[Transcription]	3
M	Lipopolysaccharide biosynthesis regulator YciM/LapB, contains six TPR domains and a C-terminal metal-binding domain	Cell wall/membrane/envelope biogenesis	COG2956	M:[Cell wall/membrane/envelope biogenesis]	3
E	Saccharopine dehydrogenase, NADP-dependent	Amino acid transport and metabolism	COG1748	E:[Amino acid transport and metabolism]	3
H	Stereoselective (R,S)-S-adenosylmethionine hydrolase (adenosine-forming)	Coenzyme transport and metabolism	COG1912	H:[Coenzyme transport and metabolism]	3
F	5'-deoxynucleotidase YfbR and related HD superfamily hydrolases	Nucleotide transport and metabolism	COG1896	F:[Nucleotide transport and metabolism]	3
V	VapC family ribonuclease, toxin component of the VapBC toxin-antitoxin module, contains PIN domain	Defense mechanisms	COG1848	V:[Defense mechanisms]	3
J	Selenocysteine-specific translation elongation factor SelB	Translation, ribosomal structure and biogenesis	COG3276	J:[Translation, ribosomal structure and biogenesis]	3
F	Thymidylate synthase ThyX, FAD-dependent family	Nucleotide transport and metabolism	COG1351	F:[Nucleotide transport and metabolism]	3
J	3'-5' exoribonuclease YhaM, can participate in 23S rRNA maturation,  HD superfamily	Translation, ribosomal structure and biogenesis	COG3481	J:[Translation, ribosomal structure and biogenesis]	3
R	Uncharacterized conserved protein YacL, contains PIN and TRAM domains	General function prediction only	COG4956	R:[General function prediction only]	3
H	Pyridoxal 5'-phosphate synthase subunit PdxT (glutamine amidotransferase)	Coenzyme transport and metabolism	COG0311	H:[Coenzyme transport and metabolism]	3
H	1,4-Dihydroxy-2-naphthoyl-CoA synthase	Coenzyme transport and metabolism	COG0447	H:[Coenzyme transport and metabolism]	3
G	Transketolase, N-terminal subunit	Carbohydrate transport and metabolism	COG3959	G:[Carbohydrate transport and metabolism]	3
E	Glutamate formiminotransferase	Amino acid transport and metabolism	COG3643	E:[Amino acid transport and metabolism]	3
Q	Carboxysome shell and ethanolamine utilization microcompartment protein CcmK/EutM	Secondary metabolites biosynthesis, transport and catabolism	COG4576	Q:[Secondary metabolites biosynthesis, transport and catabolism]	3
I	Terpene cyclase SqhC	Lipid transport and metabolism	COG1657	I:[Lipid transport and metabolism]	3
O	Hydrogenase maturation factor HybG, HypC/HupF family	Posttranslational modification, protein turnover, chaperones	COG0298	O:[Posttranslational modification, protein turnover, chaperones]	3
O	Hydrogenase maturation factor HypF (carbamoyltransferase)	Posttranslational modification, protein turnover, chaperones	COG0068	O:[Posttranslational modification, protein turnover, chaperones]	3
H	Chorismate dehydratase (menaquinone biosynthesis, futalosine pathway)	Coenzyme transport and metabolism	COG1427	H:[Coenzyme transport and metabolism]	3
A	RNA interferase (RNase) VapC, contains PIN domain	RNA processing and modification	COG4113	A:[RNA processing and modification]	3
V	CRISPR-Cas system-associated integrase Cas1	Defense mechanisms	COG1518	V:[Defense mechanisms]	3
H	1,4-dihydroxy-6-naphtoate synthase (menaquinone biosynthesis, futalosine pathway)	Coenzyme transport and metabolism	COG2107	H:[Coenzyme transport and metabolism]	3
C	Pyruvate:ferredoxin oxidoreductase or related 2-oxoacid:ferredoxin oxidoreductase, gamma subunit	Energy production and conversion	COG1014	C:[Energy production and conversion]	3
L	DNA uptake protein ComE or related DNA-binding protein	Replication, recombination and repair	COG1555	L:[Replication, recombination and repair]	3
O	Hydrogenase maturation factor HypD	Posttranslational modification, protein turnover, chaperones	COG0409	O:[Posttranslational modification, protein turnover, chaperones]	3
V	PIN domain nuclease, a component of toxin-antitoxin system (PIN domain)	Defense mechanisms	COG3744	V:[Defense mechanisms]	3
C	Ni,Fe-hydrogenase maturation factor	Energy production and conversion	COG0680	C:[Energy production and conversion]	3
S	Uncharacterized conserved protein, related to short-chain dehydrogenases	Function unknown	COG3268	S:[Function unknown]	3
K	Arginine repressor	Transcription	COG1438	K:[Transcription]	3
P	Outer membrane receptor for Fe3+-dicitrate	Inorganic ion transport and metabolism	COG4772	P:[Inorganic ion transport and metabolism]	3
O	Hydrogenase maturation factor HypA/HybF, metallochaperone involved in Ni insertion	Posttranslational modification, protein turnover, chaperones	COG0375	O:[Posttranslational modification, protein turnover, chaperones]	3
O	Carbamoyl dehydratase HypE (hydrogenase maturation factor)	Posttranslational modification, protein turnover, chaperones	COG0309	O:[Posttranslational modification, protein turnover, chaperones]	3
V	Plasmid maintenance system killer protein	Defense mechanisms	COG3549	V:[Defense mechanisms]	3
H	Coproheme decarboxylase/chlorite dismutase	Coenzyme transport and metabolism	COG3253	H:[Coenzyme transport and metabolism]	3
H	Gamma-glutamylcysteine synthetase	Coenzyme transport and metabolism	COG3572	H:[Coenzyme transport and metabolism]	3
M	AAA+-type ATPase, SpoVK/Ycf46/Vps4 family	Cell wall/membrane/envelope biogenesis	COG0464	M:[Cell wall/membrane/envelope biogenesis]	3
C	Rubrerythrin	Energy production and conversion	COG1592	C:[Energy production and conversion]	3
V	Predicted antitoxin component of a toxin-antitoxin system, DUF433 family	Defense mechanisms	COG2442	V:[Defense mechanisms]	3
R	Uncharacterized protein, contains NAD-binding domain and a Fe-S cluster	General function prediction only	COG3349	R:[General function prediction only]	3
K	NADH/NAD ratio-sensing transcriptional regulator Rex	Transcription	COG2344	K:[Transcription]	3
U	DNA uptake channel protein ComEC, N-terminal domain	Intracellular trafficking, secretion, and vesicular transport	COG0658	U:[Intracellular trafficking, secretion, and vesicular transport]	3
J	Lysyl-tRNA synthetase, class I	Translation, ribosomal structure and biogenesis	COG1384	J:[Translation, ribosomal structure and biogenesis]	3
J	Glycyl-tRNA synthetase, class II	Translation, ribosomal structure and biogenesis	COG0423	J:[Translation, ribosomal structure and biogenesis]	3
H	1,4-dihydroxy-2-naphthoate polyprenyltransferase	Coenzyme transport and metabolism	COG1575	H:[Coenzyme transport and metabolism]	3
M	Murein endopeptidase MepA (D-alanyl-D-alanine-endopeptidase)	Cell wall/membrane/envelope biogenesis	COG3770	M:[Cell wall/membrane/envelope biogenesis]	3
V	mRNA-degrading endonuclease RelE, toxin component of the RelBE toxin-antitoxin system	Defense mechanisms	COG2026	V:[Defense mechanisms]	3
F	Formyltetrahydrofolate synthetase	Nucleotide transport and metabolism	COG2759	F:[Nucleotide transport and metabolism]	3
G	Phosphoribulokinase	Carbohydrate transport and metabolism	COG3954	G:[Carbohydrate transport and metabolism]	3
O	20S proteasome, alpha and beta subunits	Posttranslational modification, protein turnover, chaperones	COG0638	O:[Posttranslational modification, protein turnover, chaperones]	3
G	Fructose-bisphosphate aldolase class Ia, DhnA family	Carbohydrate transport and metabolism	COG1830	G:[Carbohydrate transport and metabolism]	3
T	Predicted regulator of Ras-like GTPase activity, Roadblock/LC7/MglB family	Signal transduction mechanisms	COG2018	T:[Signal transduction mechanisms]	3
H	2-phospho-L-lactate guanylyltransferase, coenzyme F420 biosynthesis enzyme, CobY/MobA/RfbA family	Coenzyme transport and metabolism	COG1920	H:[Coenzyme transport and metabolism]	3
T	RseB, negative regulator of sigma E activity	Signal transduction mechanisms	COG3026	T:[Signal transduction mechanisms]	3
C	Na+-translocating ferredoxin:NAD+ oxidoreductase RNF, RnfA subunit	Energy production and conversion	COG4657	C:[Energy production and conversion]	3
C	Na+-translocating ferredoxin:NAD+ oxidoreductase  RNF, RnfE subunit	Energy production and conversion	COG4660	C:[Energy production and conversion]	3
S	Uncharacterized integral membrane protein YrvD	Function unknown	COG5416	S:[Function unknown]	3
C	Na+-translocating ferredoxin:NAD+ oxidoreductase RNF, RnfG subunit	Energy production and conversion	COG4659	C:[Energy production and conversion]	3
N	Flagellar biosynthesis GTPase FlhF	Cell motility	COG1419	N:[Cell motility]	3
C	Na+-translocating ferredoxin:NAD+ oxidoreductase  RNF, RnfD subunit	Energy production and conversion	COG4658	C:[Energy production and conversion]	3
G	Alpha-galactosidase/6-phospho-beta-glucosidase, family 4 of glycosyl hydrolase	Carbohydrate transport and metabolism	COG1486	G:[Carbohydrate transport and metabolism]	3
A	Oligoribonuclease (3'-5' exoribonuclease)	RNA processing and modification	COG1949	A:[RNA processing and modification]	3
M	LysM repeat	Cell wall/membrane/envelope biogenesis	COG1388	M:[Cell wall/membrane/envelope biogenesis]	3
J	tRNA(Glu) U13 pseudouridine synthase TruD	Translation, ribosomal structure and biogenesis	COG0585	J:[Translation, ribosomal structure and biogenesis]	3
K	DNA-binding transcriptional regulator, PucR/PutR family	Transcription	COG2508	K:[Transcription]	3
G	Predicted glycosyl hydrolase, GH43/DUF377 family	Carbohydrate transport and metabolism	COG2152	G:[Carbohydrate transport and metabolism]	3
G	Alpha-glucosidase/xylosidase, GH31 family	Carbohydrate transport and metabolism	COG1501	G:[Carbohydrate transport and metabolism]	3
Q	Predicted naringenin-chalcone synthase	Secondary metabolites biosynthesis, transport and catabolism	COG3424	Q:[Secondary metabolites biosynthesis, transport and catabolism]	3
T	Serine kinase of the HPr protein, regulates carbohydrate metabolism	Signal transduction mechanisms	COG1493	T:[Signal transduction mechanisms]	3
I	Fatty acid-binding protein DegV	Lipid transport and metabolism	COG1307	I:[Lipid transport and metabolism]	3
P	Enterochelin esterase or related enzyme	Inorganic ion transport and metabolism	COG2382	P:[Inorganic ion transport and metabolism]	3
H	Precorrin-6Y C5,15-methylase subunit CbiT	Coenzyme transport and metabolism	COG2242	H:[Coenzyme transport and metabolism]	3
F	Nucleoside permease NupC	Nucleotide transport and metabolism	COG1972	F:[Nucleotide transport and metabolism]	3
H	Precorrin-4 methylase	Coenzyme transport and metabolism	COG2875	H:[Coenzyme transport and metabolism]	3
P	Adenylylsulfate kinase or related kinase	Inorganic ion transport and metabolism	COG0529	P:[Inorganic ion transport and metabolism]	3
G	Glucuronate isomerase	Carbohydrate transport and metabolism	COG1904	G:[Carbohydrate transport and metabolism]	3
G	Transketolase, C-terminal subunit	Carbohydrate transport and metabolism	COG3958	G:[Carbohydrate transport and metabolism]	3
M	Small-conductance mechanosensitive channel MscK	Cell wall/membrane/envelope biogenesis	COG3264	M:[Cell wall/membrane/envelope biogenesis]	3
P	Arsenite and antimonite resistance protein ArsP/YraQ, UPF0718 family	Inorganic ion transport and metabolism	COG0701	P:[Inorganic ion transport and metabolism]	3
G	Alpha-L-arabinofuranosidase	Carbohydrate transport and metabolism	COG3534	G:[Carbohydrate transport and metabolism]	3
G	Endo-1,4-beta-xylanase, GH35 family	Carbohydrate transport and metabolism	COG3693	G:[Carbohydrate transport and metabolism]	3
Q	Catechol-2,3-dioxygenase	Secondary metabolites biosynthesis, transport and catabolism	COG2514	Q:[Secondary metabolites biosynthesis, transport and catabolism]	3
O	ADP-ribosylglycohydrolase	Posttranslational modification, protein turnover, chaperones	COG1397	O:[Posttranslational modification, protein turnover, chaperones]	3
T	Tyrosine-protein phosphatase YwqE	Signal transduction mechanisms	COG4464	T:[Signal transduction mechanisms]	3
H	Lipoate-protein ligase A	Coenzyme transport and metabolism	COG0095	H:[Coenzyme transport and metabolism]	3
U	Type IV secretion/DNA transfer system protein VirB9/TraO/TrbG/CagX	Intracellular trafficking, secretion, and vesicular transport	COG3504	U:[Intracellular trafficking, secretion, and vesicular transport]	3
R	Uncharacterized membrane permease YidK, sodium:solute symporter family	General function prediction only	COG4146	R:[General function prediction only]	3
U	Type IV secretion system ATPase VirB4	Intracellular trafficking, secretion, and vesicular transport	COG3451	U:[Intracellular trafficking, secretion, and vesicular transport]	3
G	Fructose-bisphosphate aldolase class 1	Carbohydrate transport and metabolism	COG3588	G:[Carbohydrate transport and metabolism]	3
U	Type IV secretion/DNA transfer system protein VirB10/TraF	Intracellular trafficking, secretion, and vesicular transport	COG2948	U:[Intracellular trafficking, secretion, and vesicular transport]	3
J	Queuosine precursor transporter YhhQ, DUF165 family	Translation, ribosomal structure and biogenesis	COG1738	J:[Translation, ribosomal structure and biogenesis]	3
L	DNA-cytosine methylase Dcm or eukaryotic tRNA-C38 C5-methylase, Dcm/DNMT2/TRDMT1 family	Replication, recombination and repair	COG0270	L:[Replication, recombination and repair]	3
G	6-phosphogluconate dehydrogenase	Carbohydrate transport and metabolism	COG0362	G:[Carbohydrate transport and metabolism]	3
E	N-Dimethylarginine dimethylaminohydrolase	Amino acid transport and metabolism	COG1834	E:[Amino acid transport and metabolism]	3
R	Predicted amidohydrolase	General function prediction only	COG3964	R:[General function prediction only]	3
R	Predicted aminoacyl-tRNA deacylase, YbaK-like aminoacyl-tRNA editing domain	General function prediction only	COG3760	R:[General function prediction only]	3
S	Uncharacterized conserved protein YbaA, DUF1428 family	Function unknown	COG5507	S:[Function unknown]	3
R	Flotillin family membrane protein YqiK, contains Band7/PHB/SPFH domain	General function prediction only	COG2268	R:[General function prediction only]	3
P	ABC-type molybdenum transport system, ATPase component ModF/photorepair protein PhrA	Inorganic ion transport and metabolism	COG1119	P:[Inorganic ion transport and metabolism]	3
S	Uncharacterized conserved protein, DUF1109 domain	Function unknown	COG4944	S:[Function unknown]	3
P	ABC-type hemin transport system, periplasmic component	Inorganic ion transport and metabolism	COG4558	P:[Inorganic ion transport and metabolism]	3
H	Pantothenate kinase	Coenzyme transport and metabolism	COG1072	H:[Coenzyme transport and metabolism]	3
P	Alpha-D-ribose 1-methylphosphonate 5-phosphate C-P lyase PhnJ	Inorganic ion transport and metabolism	COG3627	P:[Inorganic ion transport and metabolism]	3
P	Alpha-D-ribose 1-methylphosphonate 5-triphosphate synthase subunit PhnH	Inorganic ion transport and metabolism	COG3625	P:[Inorganic ion transport and metabolism]	3
P	Alpha-D-ribose 1-methylphosphonate 5-triphosphate synthase subunit PhnI	Inorganic ion transport and metabolism	COG3626	P:[Inorganic ion transport and metabolism]	3
P	ABC-type phosphonate transport system, ATPase component PhnK	Inorganic ion transport and metabolism	COG4107	P:[Inorganic ion transport and metabolism]	3
P	Alpha-D-ribose 1-methylphosphonate 5-triphosphate synthase subunit PhnL	Inorganic ion transport and metabolism	COG4778	P:[Inorganic ion transport and metabolism]	3
P	Alpha-D-ribose 1-methylphosphonate 5-triphosphate synthase subunit PhnG	Inorganic ion transport and metabolism	COG3624	P:[Inorganic ion transport and metabolism]	3
P	Phosphate-selective porin	Inorganic ion transport and metabolism	COG3746	P:[Inorganic ion transport and metabolism]	3
L	Very-short-patch-repair endonuclease	Replication, recombination and repair	COG2852	L:[Replication, recombination and repair]	3
P	Alpha-D-ribose 1-methylphosphonate 5-triphosphate diphosphatase PhnM	Inorganic ion transport and metabolism	COG3454	P:[Inorganic ion transport and metabolism]	3
P	ABC-type nickel/cobalt efflux system, permease component RcnA	Inorganic ion transport and metabolism	COG2215	P:[Inorganic ion transport and metabolism]	3
T	Tryptophan-rich sensory protein TspO/CrtK (mitochondrial benzodiazepine receptor homolog)	Signal transduction mechanisms	COG3476	T:[Signal transduction mechanisms]	3
Q	Putative cysteine ligase BshC/YllA (bacillithiol biosynthesis)	Secondary metabolites biosynthesis, transport and catabolism	COG4365	Q:[Secondary metabolites biosynthesis, transport and catabolism]	3
H	Phosphopantetheinyl transferase	Coenzyme transport and metabolism	COG2091	H:[Coenzyme transport and metabolism]	3
O	Heat shock protein HspQ	Posttranslational modification, protein turnover, chaperones	COG3785	O:[Posttranslational modification, protein turnover, chaperones]	3
T	Ras-like GTP-binding stress-induced protein YcjX,  DUF463 family	Signal transduction mechanisms	COG3106	T:[Signal transduction mechanisms]	3
P	Thiosulfate reductase cytochrome b subunit	Inorganic ion transport and metabolism	COG4117	P:[Inorganic ion transport and metabolism]	3
G	Ribulose kinase	Carbohydrate transport and metabolism	COG1069	G:[Carbohydrate transport and metabolism]	3
E	Acetylornithine aminotransferase/4-aminobutyrate aminotransferase/amino acid racemase	Amino acid transport and metabolism	COG0160	E:[Amino acid transport and metabolism]	4
K	DNA-binding transcriptional regulator of sugar metabolism, DeoR/GlpR family	Transcription	COG1349	K:[Transcription]	4
G	ABC-type sugar transport system, ATPase component	Carbohydrate transport and metabolism	COG1129	G:[Carbohydrate transport and metabolism]	4
Q	Aldo/keto reductase, related to diketogulonate reductase	Secondary metabolites biosynthesis, transport and catabolism	COG0656	Q:[Secondary metabolites biosynthesis, transport and catabolism]	4
T	SnoaL-fold ligand-binding domain	Signal transduction mechanisms	COG4319	T:[Signal transduction mechanisms]	4
R	Predicted epimerase YddE/YHI9, PhzF superfamily	General function prediction only	COG0384	R:[General function prediction only]	4
G	Fucose permease	Carbohydrate transport and metabolism	COG0738	G:[Carbohydrate transport and metabolism]	4
G	Ribose/xylose/arabinose/galactoside ABC-type transport system, permease component	Carbohydrate transport and metabolism	COG1172	G:[Carbohydrate transport and metabolism]	4
H	Hydroxymethylpyrimidine pyrophosphatase and other HAD family phosphatases	Coenzyme transport and metabolism	COG0561	H:[Coenzyme transport and metabolism]	4
V	Thioredoxin/glutathione peroxidase BtuE, reduces lipid peroxides	Defense mechanisms	COG0386	V:[Defense mechanisms]	4
V	Multidrug transporter EmrE and related cation transporters	Defense mechanisms	COG2076	V:[Defense mechanisms]	4
P	Phenylpropionate dioxygenase or related ring-hydroxylating dioxygenase, large terminal subunit	Inorganic ion transport and metabolism	COG4638	P:[Inorganic ion transport and metabolism]	4
A	RNA degradosome component RraA (regulator of RNase E activity)	RNA processing and modification	COG0684	A:[RNA processing and modification]	4
C	Quinol monooxygenase YgiN	Energy production and conversion	COG1359	C:[Energy production and conversion]	4
I	Acyl-CoA:acetate/3-ketoacid CoA transferase, beta subunit	Lipid transport and metabolism	COG2057	I:[Lipid transport and metabolism]	4
I	Acyl CoA:acetate/3-ketoacid CoA transferase, alpha subunit	Lipid transport and metabolism	COG1788	I:[Lipid transport and metabolism]	4
V	Organic hydroperoxide reductase OsmC/OhrA	Defense mechanisms	COG1764	V:[Defense mechanisms]	4
P	Bacterioferritin (cytochrome b1)	Inorganic ion transport and metabolism	COG2193	P:[Inorganic ion transport and metabolism]	4
I	Acyl-CoA hydrolase	Lipid transport and metabolism	COG1607	I:[Lipid transport and metabolism]	4
O	Zn-dependent oligopeptidase, M3 family	Posttranslational modification, protein turnover, chaperones	COG0339	O:[Posttranslational modification, protein turnover, chaperones]	4
L	ssDNA abasic site-binding protein YedK/HMCES, SRAP family	Replication, recombination and repair	COG2135	L:[Replication, recombination and repair]	4
G	Galactose mutarotase or related enzyme	Carbohydrate transport and metabolism	COG2017	G:[Carbohydrate transport and metabolism]	4
G	2-Methylisocitrate lyase and related enzymes, PEP mutase family	Carbohydrate transport and metabolism	COG2513	G:[Carbohydrate transport and metabolism]	4
X	REP element-mobilizing transposase RayT	Mobilome: prophages, transposons	COG1943	X:[Mobilome: prophages, transposons]	4
R	Zinc metallochaperone YeiR/ZagA and related GTPases, G3E family	General function prediction only	COG0523	R:[General function prediction only]	4
I	Fatty acid desaturase	Lipid transport and metabolism	COG3239	I:[Lipid transport and metabolism]	4
P	Outer membrane receptor for ferrienterochelin and colicins	Inorganic ion transport and metabolism	COG4771	P:[Inorganic ion transport and metabolism]	4
C	Glycerol-3-phosphate dehydrogenase	Energy production and conversion	COG0578	C:[Energy production and conversion]	4
T	Chemotaxis protein histidine kinase CheA	Signal transduction mechanisms	COG0643	T:[Signal transduction mechanisms]	4
R	Predicted flavoprotein YhiN	General function prediction only	COG2081	R:[General function prediction only]	4
C	Alcohol dehydrogenase, class IV	Energy production and conversion	COG1454	C:[Energy production and conversion]	4
V	Protein/nucleotide deglycase, PfpI/YajL/DJ-1 family (repair of methylglyoxal-glycated proteins and nucleic acids)	Defense mechanisms	COG0693	V:[Defense mechanisms]	4
M	UDP-glucose 6-dehydrogenase	Cell wall/membrane/envelope biogenesis	COG1004	M:[Cell wall/membrane/envelope biogenesis]	4
C	Cytochrome bd-type quinol oxidase, subunit 2	Energy production and conversion	COG1294	C:[Energy production and conversion]	4
P	Chromate transport protein ChrA	Inorganic ion transport and metabolism	COG2059	P:[Inorganic ion transport and metabolism]	4
T	Chemotaxis response regulator CheB, contains REC and protein-glutamate methylesterase domains	Signal transduction mechanisms	COG2201	T:[Signal transduction mechanisms]	4
T	DNA-binding response regulator, FixJ family, consists of REC and HTH domains	Signal transduction mechanisms	COG4566	T:[Signal transduction mechanisms]	4
L	Rad3-related DNA helicase DinG	Replication, recombination and repair	COG1199	L:[Replication, recombination and repair]	4
G	TRAP-type C4-dicarboxylate transport system, small permease component YiaM	Carbohydrate transport and metabolism	COG3090	G:[Carbohydrate transport and metabolism]	4
E	Threonine aldolase	Amino acid transport and metabolism	COG2008	E:[Amino acid transport and metabolism]	4
I	Phospholipid biosynthesis protein PlsY, probable glycerol-3-phosphate acyltransferase	Lipid transport and metabolism	COG0344	I:[Lipid transport and metabolism]	4
F	Nucleoside diphosphate kinase	Nucleotide transport and metabolism	COG0105	F:[Nucleotide transport and metabolism]	4
H	Ketopantoate hydroxymethyltransferase	Coenzyme transport and metabolism	COG0413	H:[Coenzyme transport and metabolism]	4
N	Type IV pilus retraction ATPase PilT/PilU	Cell motility	COG2805	N:[Cell motility]	4
K	Transcriptional regulator NrdR, contains Zn-ribbon and ATP-cone domains	Transcription	COG1327	K:[Transcription]	4
J	Ribonuclease PH	Translation, ribosomal structure and biogenesis	COG0689	J:[Translation, ribosomal structure and biogenesis]	4
H	Pyridoxine 5'-phosphate synthase PdxJ	Coenzyme transport and metabolism	COG0854	H:[Coenzyme transport and metabolism]	4
J	Ribosomal protein L31	Translation, ribosomal structure and biogenesis	COG0254	J:[Translation, ribosomal structure and biogenesis]	4
H	Aspartate oxidase	Coenzyme transport and metabolism	COG0029	H:[Coenzyme transport and metabolism]	4
J	Ribosomal protein L33	Translation, ribosomal structure and biogenesis	COG0267	J:[Translation, ribosomal structure and biogenesis]	4
E	Histidinol dehydrogenase	Amino acid transport and metabolism	COG0141	E:[Amino acid transport and metabolism]	4
J	tRNA U38,U39,U40 pseudouridine synthase TruA	Translation, ribosomal structure and biogenesis	COG0101	J:[Translation, ribosomal structure and biogenesis]	4
E	Chorismate synthase	Amino acid transport and metabolism	COG0082	E:[Amino acid transport and metabolism]	4
D	Cell division GTPase FtsZ	Cell cycle control, cell division, chromosome partitioning	COG0206	D:[Cell cycle control, cell division, chromosome partitioning]	4
U	Twin-arginine protein secretion pathway component TatC	Intracellular trafficking, secretion, and vesicular transport	COG0805	U:[Intracellular trafficking, secretion, and vesicular transport]	4
J	Ribosomal 30S subunit maturation factor RimM, required for 16S rRNA processing	Translation, ribosomal structure and biogenesis	COG0806	J:[Translation, ribosomal structure and biogenesis]	4
H	Pantothenate kinase type III	Coenzyme transport and metabolism	COG1521	H:[Coenzyme transport and metabolism]	4
J	16S rRNA G527 N7-methylase RsmG (former glucose-inhibited division protein B)	Translation, ribosomal structure and biogenesis	COG0357	J:[Translation, ribosomal structure and biogenesis]	4
J	tRNA A37 threonylcarbamoyladenosine biosynthesis protein TsaE	Translation, ribosomal structure and biogenesis	COG0802	J:[Translation, ribosomal structure and biogenesis]	4
C	FoF1-type ATP synthase, delta subunit	Energy production and conversion	COG0712	C:[Energy production and conversion]	4
H	Riboflavin synthase alpha chain	Coenzyme transport and metabolism	COG0307	H:[Coenzyme transport and metabolism]	4
E	Phosphoribosylanthranilate isomerase	Amino acid transport and metabolism	COG0135	E:[Amino acid transport and metabolism]	4
G	Phosphoheptose isomerase	Carbohydrate transport and metabolism	COG0279	G:[Carbohydrate transport and metabolism]	4
J	Ribosomal protein L25 (general stress protein Ctc)	Translation, ribosomal structure and biogenesis	COG1825	J:[Translation, ribosomal structure and biogenesis]	4
L	DNA mismatch repair ATPase MutS	Replication, recombination and repair	COG0249	L:[Replication, recombination and repair]	4
O	Protein-S-isoprenylcysteine O-methyltransferase Ste14	Posttranslational modification, protein turnover, chaperones	COG2020	O:[Posttranslational modification, protein turnover, chaperones]	4
M	Outer membrane protein assembly factor BamD, BamD/ComL family	Cell wall/membrane/envelope biogenesis	COG4105	M:[Cell wall/membrane/envelope biogenesis]	4
M	GDP-D-mannose dehydratase	Cell wall/membrane/envelope biogenesis	COG1089	M:[Cell wall/membrane/envelope biogenesis]	4
J	Asp-tRNAAsn/Glu-tRNAGln amidotransferase B subunit	Translation, ribosomal structure and biogenesis	COG0064	J:[Translation, ribosomal structure and biogenesis]	4
H	Panthothenate synthetase	Coenzyme transport and metabolism	COG0414	H:[Coenzyme transport and metabolism]	4
F	Guanylate kinase	Nucleotide transport and metabolism	COG0194	F:[Nucleotide transport and metabolism]	4
H	Lipoate synthase	Coenzyme transport and metabolism	COG0320	H:[Coenzyme transport and metabolism]	4
J	Arginyl-tRNA synthetase	Translation, ribosomal structure and biogenesis	COG0018	J:[Translation, ribosomal structure and biogenesis]	4
U	Preprotein translocase subunit SecD	Intracellular trafficking, secretion, and vesicular transport	COG0342	U:[Intracellular trafficking, secretion, and vesicular transport]	4
L	DNA repair protein RadA/Sms, contains AAA+ ATPase domain	Replication, recombination and repair	COG1066	L:[Replication, recombination and repair]	4
G	Triosephosphate isomerase	Carbohydrate transport and metabolism	COG0149	G:[Carbohydrate transport and metabolism]	4
H	Predicted protein kinase regulating ubiquinone biosynthesis, AarF/ABC1/UbiB family	Coenzyme transport and metabolism	COG0661	H:[Coenzyme transport and metabolism]	4
D	Cell division ATPase FtsA	Cell cycle control, cell division, chromosome partitioning	COG0849	D:[Cell cycle control, cell division, chromosome partitioning]	4
E	Phosphoribosylformimino-5-aminoimidazole carboxamide ribonucleotide (ProFAR) isomerase	Amino acid transport and metabolism	COG0106	E:[Amino acid transport and metabolism]	4
J	tRNA U55 pseudouridine synthase TruB, may also work on U342 of tmRNA	Translation, ribosomal structure and biogenesis	COG0130	J:[Translation, ribosomal structure and biogenesis]	4
E	Tryptophan synthase beta chain	Amino acid transport and metabolism	COG0133	E:[Amino acid transport and metabolism]	4
D	Cell shape-determining ATPase MreB, actin-like superfamily	Cell cycle control, cell division, chromosome partitioning	COG1077	D:[Cell cycle control, cell division, chromosome partitioning]	4
H	Phosphopantothenoylcysteine synthetase/decarboxylase CoaBC	Coenzyme transport and metabolism	COG0452	H:[Coenzyme transport and metabolism]	4
M	Lipid A disaccharide synthetase	Cell wall/membrane/envelope biogenesis	COG0763	M:[Cell wall/membrane/envelope biogenesis]	4
G	6-phosphofructokinase	Carbohydrate transport and metabolism	COG0205	G:[Carbohydrate transport and metabolism]	4
E	Imidazoleglycerol phosphate dehydratase HisB	Amino acid transport and metabolism	COG0131	E:[Amino acid transport and metabolism]	4
M	Endolytic transglycosylase MltG, terminates peptidoglycan polymerization	Cell wall/membrane/envelope biogenesis	COG1559	M:[Cell wall/membrane/envelope biogenesis]	4
P	ABC-type Mn2+/Zn2+ transport system, permease component	Inorganic ion transport and metabolism	COG1108	P:[Inorganic ion transport and metabolism]	4
E	Indole-3-glycerol phosphate synthase	Amino acid transport and metabolism	COG0134	E:[Amino acid transport and metabolism]	4
M	ABC-type lipopolysaccharide export system, ATPase component	Cell wall/membrane/envelope biogenesis	COG1137	M:[Cell wall/membrane/envelope biogenesis]	4
L	DNA repair ATPase RecN	Replication, recombination and repair	COG0497	L:[Replication, recombination and repair]	4
P	Trk/Ktr K+ transport system regulatory component TrkA/KtrA/KtrC, RCK domain	Inorganic ion transport and metabolism	COG0569	P:[Inorganic ion transport and metabolism]	4
J	Ribosomal protein L30/L7E	Translation, ribosomal structure and biogenesis	COG1841	J:[Translation, ribosomal structure and biogenesis]	4
E	ATP phosphoribosyltransferase	Amino acid transport and metabolism	COG0040	E:[Amino acid transport and metabolism]	4
G	Glucan phosphorylase	Carbohydrate transport and metabolism	COG0058	G:[Carbohydrate transport and metabolism]	4
H	Uroporphyrinogen-III synthase	Coenzyme transport and metabolism	COG1587	H:[Coenzyme transport and metabolism]	4
O	Fe-S cluster assembly ATPase SufC	Posttranslational modification, protein turnover, chaperones	COG0396	O:[Posttranslational modification, protein turnover, chaperones]	4
E	Tryptophan synthase alpha chain	Amino acid transport and metabolism	COG0159	E:[Amino acid transport and metabolism]	4
J	Seryl-tRNA synthetase	Translation, ribosomal structure and biogenesis	COG0172	J:[Translation, ribosomal structure and biogenesis]	4
E	Phosphoribosyl-AMP cyclohydrolase	Amino acid transport and metabolism	COG0139	E:[Amino acid transport and metabolism]	4
L	Recombinational DNA repair protein RecO (RecF pathway)	Replication, recombination and repair	COG1381	L:[Replication, recombination and repair]	4
L	ssDNA-specific exonuclease RecJ, DHH superfamily, may be involved in archaeal DNA replication intiation	Replication, recombination and repair	COG0608	L:[Replication, recombination and repair]	4
M	3-deoxy-D-manno-octulosonic acid (KDO) 8-phosphate synthase	Cell wall/membrane/envelope biogenesis	COG2877	M:[Cell wall/membrane/envelope biogenesis]	4
E	Imidazoleglycerol phosphate synthase glutamine amidotransferase subunit HisH	Amino acid transport and metabolism	COG0118	E:[Amino acid transport and metabolism]	4
L	Exonuclease VII small subunit	Replication, recombination and repair	COG1722	L:[Replication, recombination and repair]	4
C	Glycerol-3-phosphate dehydrogenase	Energy production and conversion	COG0240	C:[Energy production and conversion]	4
L	DNA mismatch repair ATPase MutL	Replication, recombination and repair	COG0323	L:[Replication, recombination and repair]	4
E	Imidazole glycerol phosphate synthase subunit HisF	Amino acid transport and metabolism	COG0107	E:[Amino acid transport and metabolism]	4
J	Tyrosyl-tRNA synthetase	Translation, ribosomal structure and biogenesis	COG0162	J:[Translation, ribosomal structure and biogenesis]	4
L	Excinuclease UvrABC, nuclease subunit	Replication, recombination and repair	COG0322	L:[Replication, recombination and repair]	4
U	Preprotein translocase subunit SecA	Intracellular trafficking, secretion, and vesicular transport	COG0653	U:[Intracellular trafficking, secretion, and vesicular transport]	4
D	Cell shape-determining protein MreC	Cell cycle control, cell division, chromosome partitioning	COG1792	D:[Cell cycle control, cell division, chromosome partitioning]	4
H	5,10-methylene-tetrahydrofolate dehydrogenase/Methenyl tetrahydrofolate cyclohydrolase	Coenzyme transport and metabolism	COG0190	H:[Coenzyme transport and metabolism]	4
C	Succinate dehydrogenase/fumarate reductase, Fe-S protein subunit	Energy production and conversion	COG0479	C:[Energy production and conversion]	4
E	Argininosuccinate synthase	Amino acid transport and metabolism	COG0137	E:[Amino acid transport and metabolism]	4
L	RecG-like helicase	Replication, recombination and repair	COG1200	L:[Replication, recombination and repair]	4
F	Adenylosuccinate synthase	Nucleotide transport and metabolism	COG0104	F:[Nucleotide transport and metabolism]	4
I	CDP-diglyceride synthetase	Lipid transport and metabolism	COG0575	I:[Lipid transport and metabolism]	4
D	Chromosome segregation ATPase Smc	Cell cycle control, cell division, chromosome partitioning	COG1196	D:[Cell cycle control, cell division, chromosome partitioning]	4
M	Lipoprotein signal peptidase	Cell wall/membrane/envelope biogenesis	COG0597	M:[Cell wall/membrane/envelope biogenesis]	4
J	Aspartyl-tRNA synthetase	Translation, ribosomal structure and biogenesis	COG0173	J:[Translation, ribosomal structure and biogenesis]	4
H	Porphobilinogen deaminase	Coenzyme transport and metabolism	COG0181	H:[Coenzyme transport and metabolism]	4
E	5,10-methylenetetrahydrofolate reductase	Amino acid transport and metabolism	COG0685	E:[Amino acid transport and metabolism]	4
J	Prolyl-tRNA synthetase	Translation, ribosomal structure and biogenesis	COG0442	J:[Translation, ribosomal structure and biogenesis]	4
C	FoF1-type ATP synthase, epsilon subunit	Energy production and conversion	COG0355	C:[Energy production and conversion]	4
F	Phosphoribosylformylglycinamidine (FGAM) synthase, synthetase domain	Nucleotide transport and metabolism	COG0046	F:[Nucleotide transport and metabolism]	4
M	UDP-3-O-[3-hydroxymyristoyl] glucosamine N-acyltransferase	Cell wall/membrane/envelope biogenesis	COG1044	M:[Cell wall/membrane/envelope biogenesis]	4
J	Ribosomal silencing factor RsfS, regulates association of 30S and 50S subunits	Translation, ribosomal structure and biogenesis	COG0799	J:[Translation, ribosomal structure and biogenesis]	4
F	Glutamine phosphoribosylpyrophosphate amidotransferase	Nucleotide transport and metabolism	COG0034	F:[Nucleotide transport and metabolism]	4
E	3-isopropylmalate dehydratase small subunit	Amino acid transport and metabolism	COG0066	E:[Amino acid transport and metabolism]	4
M	Acyl-[acyl carrier protein]--UDP-N-acetylglucosamine O-acyltransferase	Cell wall/membrane/envelope biogenesis	COG1043	M:[Cell wall/membrane/envelope biogenesis]	4
C	FoF1-type ATP synthase, alpha subunit	Energy production and conversion	COG0056	C:[Energy production and conversion]	4
F	Phosphoribosylaminoimidazole (AIR) synthetase	Nucleotide transport and metabolism	COG0150	F:[Nucleotide transport and metabolism]	4
C	FoF1-type ATP synthase, membrane subunit a	Energy production and conversion	COG0356	C:[Energy production and conversion]	4
J	Ribosomal protein L7/L12	Translation, ribosomal structure and biogenesis	COG0222	J:[Translation, ribosomal structure and biogenesis]	4
F	Folate-dependent phosphoribosylglycinamide formyltransferase PurN	Nucleotide transport and metabolism	COG0299	F:[Nucleotide transport and metabolism]	4
L	Replication-associated recombination protein RarA (DNA-dependent ATPase)	Replication, recombination and repair	COG2256	L:[Replication, recombination and repair]	4
H	S-adenosylmethionine synthetase	Coenzyme transport and metabolism	COG0192	H:[Coenzyme transport and metabolism]	4
C	FoF1-type ATP synthase, gamma subunit	Energy production and conversion	COG0224	C:[Energy production and conversion]	4
M	UDP-N-acetylmuramoylalanine-D-glutamate ligase	Cell wall/membrane/envelope biogenesis	COG0771	M:[Cell wall/membrane/envelope biogenesis]	4
F	Uridylate kinase	Nucleotide transport and metabolism	COG0528	F:[Nucleotide transport and metabolism]	4
H	Uroporphyrinogen-III decarboxylase HemE	Coenzyme transport and metabolism	COG0407	H:[Coenzyme transport and metabolism]	4
F	Phosphoribosylcarboxyaminoimidazole (NCAIR) mutase	Nucleotide transport and metabolism	COG0041	F:[Nucleotide transport and metabolism]	4
H	Lipoate-protein ligase B (lipoyltransferase)	Coenzyme transport and metabolism	COG0321	H:[Coenzyme transport and metabolism]	4
F	AICAR transformylase/IMP cyclohydrolase PurH	Nucleotide transport and metabolism	COG0138	F:[Nucleotide transport and metabolism]	4
M	UDP-N-acetylglucosamine 2-epimerase	Cell wall/membrane/envelope biogenesis	COG0381	M:[Cell wall/membrane/envelope biogenesis]	4
H	Folylpolyglutamate synthase/Dihydropteroate synthase	Coenzyme transport and metabolism	COG0285	H:[Coenzyme transport and metabolism]	4
C	Na+ or H+-translocating membrane pyrophosphatase	Energy production and conversion	COG3808	C:[Energy production and conversion]	4
J	Ribosomal protein S18	Translation, ribosomal structure and biogenesis	COG0238	J:[Translation, ribosomal structure and biogenesis]	4
U	Signal recognition particle GTPase FtsY	Intracellular trafficking, secretion, and vesicular transport	COG0552	U:[Intracellular trafficking, secretion, and vesicular transport]	4
J	Translation initiation factor IF-3	Translation, ribosomal structure and biogenesis	COG0290	J:[Translation, ribosomal structure and biogenesis]	4
J	50S ribosomal subunit-associated GTPase HflX	Translation, ribosomal structure and biogenesis	COG2262	J:[Translation, ribosomal structure and biogenesis]	4
J	Methionyl-tRNA synthetase	Translation, ribosomal structure and biogenesis	COG0143	J:[Translation, ribosomal structure and biogenesis]	4
J	Threonyl-tRNA synthetase	Translation, ribosomal structure and biogenesis	COG0441	J:[Translation, ribosomal structure and biogenesis]	4
F	Aspartate carbamoyltransferase, catalytic subunit	Nucleotide transport and metabolism	COG0540	F:[Nucleotide transport and metabolism]	4
F	Inosine/xanthosine triphosphate pyrophosphatase, all-alpha NTP-PPase family	Nucleotide transport and metabolism	COG0127	F:[Nucleotide transport and metabolism]	4
J	tRNA A37 threonylcarbamoyladenosine modification protein TsaB	Translation, ribosomal structure and biogenesis	COG1214	J:[Translation, ribosomal structure and biogenesis]	4
H	Pyridoxal 5'-phosphate homeostasis protein YggS, UPF0001 family	Coenzyme transport and metabolism	COG0325	H:[Coenzyme transport and metabolism]	4
H	Riboflavin biosynthesis protein RibD, pyrimidine deaminase domain	Coenzyme transport and metabolism	COG0117	H:[Coenzyme transport and metabolism]	4
J	16S rRNA G966 N2-methylase RsmD	Translation, ribosomal structure and biogenesis	COG0742	J:[Translation, ribosomal structure and biogenesis]	4
F	Orotidine-5'-phosphate decarboxylase	Nucleotide transport and metabolism	COG0284	F:[Nucleotide transport and metabolism]	4
J	Ribosomal protein L35	Translation, ribosomal structure and biogenesis	COG0291	J:[Translation, ribosomal structure and biogenesis]	4
J	Phenylalanyl-tRNA synthetase beta subunit	Translation, ribosomal structure and biogenesis	COG0072	J:[Translation, ribosomal structure and biogenesis]	4
L	Ribonuclease HII	Replication, recombination and repair	COG0164	L:[Replication, recombination and repair]	4
E	Anthranilate/para-aminobenzoate synthase component II (glutamine amidotransferase)	Amino acid transport and metabolism	COG0512	E:[Amino acid transport and metabolism]	4
D	GTPase involved in cell partioning and DNA repair	Cell cycle control, cell division, chromosome partitioning	COG0536	D:[Cell cycle control, cell division, chromosome partitioning]	4
C	Acylphosphatase	Energy production and conversion	COG1254	C:[Energy production and conversion]	4
H	Phosphopantetheine adenylyltransferase	Coenzyme transport and metabolism	COG0669	H:[Coenzyme transport and metabolism]	4
K	DNA-binding nucleoid-associated protein YbaB/EfbC	Transcription	COG0718	K:[Transcription]	4
C	FoF1-type ATP synthase, beta subunit	Energy production and conversion	COG0055	C:[Energy production and conversion]	4
J	Alanyl-tRNA synthetase	Translation, ribosomal structure and biogenesis	COG0013	J:[Translation, ribosomal structure and biogenesis]	4
P	ABC-type phosphate transport system, permease component	Inorganic ion transport and metabolism	COG0581	P:[Inorganic ion transport and metabolism]	4
K	dsRNA-specific ribonuclease	Transcription	COG0571	K:[Transcription]	4
G	Glucose-6-phosphate isomerase	Carbohydrate transport and metabolism	COG0166	G:[Carbohydrate transport and metabolism]	4
J	MraZ, DNA-binding transcriptional regulator and inhibitor of RsmH methyltransferase activity	Translation, ribosomal structure and biogenesis	COG2001	J:[Translation, ribosomal structure and biogenesis]	4
J	S-adenosylmethionine:tRNA-ribosyltransferase-isomerase (queuine synthetase)	Translation, ribosomal structure and biogenesis	COG0809	J:[Translation, ribosomal structure and biogenesis]	4
K	Transcription antitermination protein NusB	Transcription	COG0781	K:[Transcription]	4
J	Ribosomal protein S15P/S13E	Translation, ribosomal structure and biogenesis	COG0184	J:[Translation, ribosomal structure and biogenesis]	4
J	Ribosome-binding factor RbfA	Translation, ribosomal structure and biogenesis	COG0858	J:[Translation, ribosomal structure and biogenesis]	4
H	FAD synthase	Coenzyme transport and metabolism	COG0196	H:[Coenzyme transport and metabolism]	4
J	YqgF/RuvX protein, pre-16S rRNA maturation RNase/Holliday junction resolvase/anti-termination factor	Translation, ribosomal structure and biogenesis	COG0816	J:[Translation, ribosomal structure and biogenesis]	4
O	Trigger factor Tig, ribosome-bound chaperone (peptidyl-prolyl cis-trans isomerase)	Posttranslational modification, protein turnover, chaperones	COG0544	O:[Posttranslational modification, protein turnover, chaperones]	4
T	Predicted membrane GTPase TypA/BipA involved in stress response	Signal transduction mechanisms	COG1217	T:[Signal transduction mechanisms]	4
J	Ribosomal protein L28	Translation, ribosomal structure and biogenesis	COG0227	J:[Translation, ribosomal structure and biogenesis]	4
L	Holliday junction resolvasome RuvABC DNA-binding subunit	Replication, recombination and repair	COG0632	L:[Replication, recombination and repair]	4
L	Exonuclease VII, large subunit	Replication, recombination and repair	COG1570	L:[Replication, recombination and repair]	4
M	UDP-N-acetylenolpyruvoylglucosamine reductase	Cell wall/membrane/envelope biogenesis	COG0812	M:[Cell wall/membrane/envelope biogenesis]	4
H	Nicotinate-nucleotide pyrophosphorylase	Coenzyme transport and metabolism	COG0157	H:[Coenzyme transport and metabolism]	4
L	DNA polymerase III, gamma/tau subunits	Replication, recombination and repair	COG2812	L:[Replication, recombination and repair]	4
G	Enolase	Carbohydrate transport and metabolism	COG0148	G:[Carbohydrate transport and metabolism]	4
L	Chromatin segregation and condensation protein Rec8/ScpA/Scc1, kleisin family	Replication, recombination and repair	COG1354	L:[Replication, recombination and repair]	4
J	Valyl-tRNA synthetase	Translation, ribosomal structure and biogenesis	COG0525	J:[Translation, ribosomal structure and biogenesis]	4
L	Holliday junction resolvasome RuvABC, ATP-dependent DNA helicase subunit RuvB	Replication, recombination and repair	COG2255	L:[Replication, recombination and repair]	4
J	Ribosomal protein S6	Translation, ribosomal structure and biogenesis	COG0360	J:[Translation, ribosomal structure and biogenesis]	4
J	Ribosomal protein L17	Translation, ribosomal structure and biogenesis	COG0203	J:[Translation, ribosomal structure and biogenesis]	4
F	Phosphoribosylamine-glycine ligase	Nucleotide transport and metabolism	COG0151	F:[Nucleotide transport and metabolism]	4
M	Glucosamine 6-phosphate synthetase, contains amidotransferase and phosphosugar isomerase domains	Cell wall/membrane/envelope biogenesis	COG0449	M:[Cell wall/membrane/envelope biogenesis]	4
J	Ribosomal protein S19	Translation, ribosomal structure and biogenesis	COG0185	J:[Translation, ribosomal structure and biogenesis]	4
J	ssRNA-specific RNase YbeY, 16S rRNA maturation enzyme	Translation, ribosomal structure and biogenesis	COG0319	J:[Translation, ribosomal structure and biogenesis]	4
K	Chromosome segregation and condensation protein ScpB	Transcription	COG1386	K:[Transcription]	4
J	Protein chain release factor RF1	Translation, ribosomal structure and biogenesis	COG0216	J:[Translation, ribosomal structure and biogenesis]	4
J	Ribosome recycling factor	Translation, ribosomal structure and biogenesis	COG0233	J:[Translation, ribosomal structure and biogenesis]	4
J	Ribosomal protein L27	Translation, ribosomal structure and biogenesis	COG0211	J:[Translation, ribosomal structure and biogenesis]	4
L	Primosomal protein N' (replication factor Y) - superfamily II helicase	Replication, recombination and repair	COG1198	L:[Replication, recombination and repair]	4
L	Recombinational DNA repair protein RecR	Replication, recombination and repair	COG0353	L:[Replication, recombination and repair]	4
J	Ribosomal protein L23	Translation, ribosomal structure and biogenesis	COG0089	J:[Translation, ribosomal structure and biogenesis]	4
K	DNA-directed RNA polymerase, alpha subunit/40 kD subunit	Transcription	COG0202	K:[Transcription]	4
J	Ribosomal protein L21	Translation, ribosomal structure and biogenesis	COG0261	J:[Translation, ribosomal structure and biogenesis]	4
J	Ribosomal protein L19	Translation, ribosomal structure and biogenesis	COG0335	J:[Translation, ribosomal structure and biogenesis]	4
J	tRNA G37 N-methylase TrmD	Translation, ribosomal structure and biogenesis	COG0336	J:[Translation, ribosomal structure and biogenesis]	4
J	Ribosomal protein L9	Translation, ribosomal structure and biogenesis	COG0359	J:[Translation, ribosomal structure and biogenesis]	4
J	Polyribonucleotide nucleotidyltransferase (polynucleotide phosphorylase)	Translation, ribosomal structure and biogenesis	COG1185	J:[Translation, ribosomal structure and biogenesis]	4
O	ATP-dependent protease Clp, ATPase subunit ClpX	Posttranslational modification, protein turnover, chaperones	COG1219	O:[Posttranslational modification, protein turnover, chaperones]	4
L	DNA polymerase III, delta subunit	Replication, recombination and repair	COG1466	L:[Replication, recombination and repair]	4
L	Predicted Rossmann fold nucleotide-binding protein DprA/Smf involved in DNA uptake	Replication, recombination and repair	COG0758	L:[Replication, recombination and repair]	4
J	Ribosomal protein S20	Translation, ribosomal structure and biogenesis	COG0268	J:[Translation, ribosomal structure and biogenesis]	4
O	tmRNA-binding protein	Posttranslational modification, protein turnover, chaperones	COG0691	O:[Posttranslational modification, protein turnover, chaperones]	4
J	Ribosomal protein L29	Translation, ribosomal structure and biogenesis	COG0255	J:[Translation, ribosomal structure and biogenesis]	4
J	Translation elongation factor EF-4, membrane-bound GTPase	Translation, ribosomal structure and biogenesis	COG0481	J:[Translation, ribosomal structure and biogenesis]	4
J	Ribosomal protein S4 or related protein	Translation, ribosomal structure and biogenesis	COG0522	J:[Translation, ribosomal structure and biogenesis]	4
J	Ribosomal protein L20	Translation, ribosomal structure and biogenesis	COG0292	J:[Translation, ribosomal structure and biogenesis]	4
U	Preprotein translocase subunit SecY	Intracellular trafficking, secretion, and vesicular transport	COG0201	U:[Intracellular trafficking, secretion, and vesicular transport]	4
J	Ribosomal protein L11	Translation, ribosomal structure and biogenesis	COG0080	J:[Translation, ribosomal structure and biogenesis]	4
J	Translation initiation factor IF-2, a GTPase	Translation, ribosomal structure and biogenesis	COG0532	J:[Translation, ribosomal structure and biogenesis]	4
J	Ribosomal protein L10	Translation, ribosomal structure and biogenesis	COG0244	J:[Translation, ribosomal structure and biogenesis]	4
L	DNA polymerase III sliding clamp (beta) subunit, PCNA homolog	Replication, recombination and repair	COG0592	L:[Replication, recombination and repair]	4
J	Peptidyl-tRNA hydrolase	Translation, ribosomal structure and biogenesis	COG0193	J:[Translation, ribosomal structure and biogenesis]	4
J	Leucyl-tRNA synthetase	Translation, ribosomal structure and biogenesis	COG0495	J:[Translation, ribosomal structure and biogenesis]	4
J	Ribosomal protein S11	Translation, ribosomal structure and biogenesis	COG0100	J:[Translation, ribosomal structure and biogenesis]	4
J	Ribosomal protein S2	Translation, ribosomal structure and biogenesis	COG0052	J:[Translation, ribosomal structure and biogenesis]	4
J	rRNA adenine N6-methylase, includes 16S rRNA A1518 and A1519 N6-dimethyltransferase  RsmA/KsgA/DIM  and 23S rRNA A2058 N6-methylase ErmO/TlrD (may also have DNA glycosylase/AP lyase activity)	Translation, ribosomal structure and biogenesis	COG0030	J:[Translation, ribosomal structure and biogenesis]	4
J	Ribosomal protein S7	Translation, ribosomal structure and biogenesis	COG0049	J:[Translation, ribosomal structure and biogenesis]	4
J	Ribosomal protein L3	Translation, ribosomal structure and biogenesis	COG0087	J:[Translation, ribosomal structure and biogenesis]	4
J	Ribosomal protein L4	Translation, ribosomal structure and biogenesis	COG0088	J:[Translation, ribosomal structure and biogenesis]	4
J	Ribosomal protein L14	Translation, ribosomal structure and biogenesis	COG0093	J:[Translation, ribosomal structure and biogenesis]	4
J	Ribosomal protein L5	Translation, ribosomal structure and biogenesis	COG0094	J:[Translation, ribosomal structure and biogenesis]	4
J	Ribosomal protein S8	Translation, ribosomal structure and biogenesis	COG0096	J:[Translation, ribosomal structure and biogenesis]	4
J	Ribosomal protein L6P/L9E	Translation, ribosomal structure and biogenesis	COG0097	J:[Translation, ribosomal structure and biogenesis]	4
J	Ribosomal protein S5	Translation, ribosomal structure and biogenesis	COG0098	J:[Translation, ribosomal structure and biogenesis]	4
J	Ribosomal protein L13	Translation, ribosomal structure and biogenesis	COG0102	J:[Translation, ribosomal structure and biogenesis]	4
J	Ribosomal protein S9	Translation, ribosomal structure and biogenesis	COG0103	J:[Translation, ribosomal structure and biogenesis]	4
J	Ribosomal protein L15	Translation, ribosomal structure and biogenesis	COG0200	J:[Translation, ribosomal structure and biogenesis]	4
J	Ribosomal protein L18	Translation, ribosomal structure and biogenesis	COG0256	J:[Translation, ribosomal structure and biogenesis]	4
L	Excinuclease UvrABC helicase subunit UvrB	Replication, recombination and repair	COG0556	L:[Replication, recombination and repair]	4
J	Ribosomal protein S10	Translation, ribosomal structure and biogenesis	COG0051	J:[Translation, ribosomal structure and biogenesis]	4
K	DNA-directed RNA polymerase, beta' subunit/160 kD subunit	Transcription	COG0086	K:[Transcription]	4
J	Ribosomal protein L1	Translation, ribosomal structure and biogenesis	COG0081	J:[Translation, ribosomal structure and biogenesis]	4
J	Ribosomal protein L2	Translation, ribosomal structure and biogenesis	COG0090	J:[Translation, ribosomal structure and biogenesis]	4
J	Ribosomal protein L22	Translation, ribosomal structure and biogenesis	COG0091	J:[Translation, ribosomal structure and biogenesis]	4
J	Ribosomal protein S17	Translation, ribosomal structure and biogenesis	COG0186	J:[Translation, ribosomal structure and biogenesis]	4
J	Ribosomal protein L16/L10AE	Translation, ribosomal structure and biogenesis	COG0197	J:[Translation, ribosomal structure and biogenesis]	4
J	Ribosomal protein L24	Translation, ribosomal structure and biogenesis	COG0198	J:[Translation, ribosomal structure and biogenesis]	4
J	Ribosomal protein S3	Translation, ribosomal structure and biogenesis	COG0092	J:[Translation, ribosomal structure and biogenesis]	4
G	Phosphoenolpyruvate synthase/pyruvate phosphate dikinase	Carbohydrate transport and metabolism	COG0574	G:[Carbohydrate transport and metabolism]	4
J	Phenylalanyl-tRNA synthetase alpha subunit	Translation, ribosomal structure and biogenesis	COG0016	J:[Translation, ribosomal structure and biogenesis]	4
J	Ribosome-binding ATPase YchF, GTP1/OBG family	Translation, ribosomal structure and biogenesis	COG0012	J:[Translation, ribosomal structure and biogenesis]	4
J	Histidyl-tRNA synthetase	Translation, ribosomal structure and biogenesis	COG0124	J:[Translation, ribosomal structure and biogenesis]	4
F	CTP synthase (UTP-ammonia lyase)	Nucleotide transport and metabolism	COG0504	F:[Nucleotide transport and metabolism]	4
K	Transcription antitermination factor NusA, contains S1 and KH domains	Transcription	COG0195	K:[Transcription]	4
J	Ribosomal protein S12	Translation, ribosomal structure and biogenesis	COG0048	J:[Translation, ribosomal structure and biogenesis]	4
J	Ribosomal protein S16	Translation, ribosomal structure and biogenesis	COG0228	J:[Translation, ribosomal structure and biogenesis]	4
J	16S rRNA C1402 N4-methylase RsmH	Translation, ribosomal structure and biogenesis	COG0275	J:[Translation, ribosomal structure and biogenesis]	4
H	Dephospho-CoA kinase	Coenzyme transport and metabolism	COG0237	H:[Coenzyme transport and metabolism]	4
E	Archaeal aspartate aminotransferase or a related aminotransferase, includes purine catabolism protein PucG	Amino acid transport and metabolism	COG0075	E:[Amino acid transport and metabolism]	4
K	Transcription termination factor Rho	Transcription	COG1158	K:[Transcription]	4
L	DNA primase (bacterial type)	Replication, recombination and repair	COG0358	L:[Replication, recombination and repair]	4
J	tRNA A37 threonylcarbamoyltransferase TsaD	Translation, ribosomal structure and biogenesis	COG0533	J:[Translation, ribosomal structure and biogenesis]	4
J	Ribosomal protein S13	Translation, ribosomal structure and biogenesis	COG0099	J:[Translation, ribosomal structure and biogenesis]	4
J	Tryptophanyl-tRNA synthetase	Translation, ribosomal structure and biogenesis	COG0180	J:[Translation, ribosomal structure and biogenesis]	4
H	Biotin-protein ligase	Coenzyme transport and metabolism	COG0340	H:[Coenzyme transport and metabolism]	4
J	Asp-tRNAAsn/Glu-tRNAGln amidotransferase C subunit	Translation, ribosomal structure and biogenesis	COG0721	J:[Translation, ribosomal structure and biogenesis]	4
H	Thiamine monophosphate kinase	Coenzyme transport and metabolism	COG0611	H:[Coenzyme transport and metabolism]	4
L	Replicative DNA helicase	Replication, recombination and repair	COG0305	L:[Replication, recombination and repair]	4
L	Chromosomal replication initiation ATPase DnaA	Replication, recombination and repair	COG0593	L:[Replication, recombination and repair]	4
H	Quinolinate synthase	Coenzyme transport and metabolism	COG0379	H:[Coenzyme transport and metabolism]	4
G	3-phosphoglycerate kinase	Carbohydrate transport and metabolism	COG0126	G:[Carbohydrate transport and metabolism]	4
J	Queuine/archaeosine tRNA-ribosyltransferase	Translation, ribosomal structure and biogenesis	COG0343	J:[Translation, ribosomal structure and biogenesis]	4
J	tRNA A37 N6-isopentenylltransferase MiaA	Translation, ribosomal structure and biogenesis	COG0324	J:[Translation, ribosomal structure and biogenesis]	4
J	Double Era-like domain GTPase Der	Translation, ribosomal structure and biogenesis	COG1160	J:[Translation, ribosomal structure and biogenesis]	4
F	Cytidylate kinase	Nucleotide transport and metabolism	COG0283	F:[Nucleotide transport and metabolism]	4
J	Protein chain release factor PrfB	Translation, ribosomal structure and biogenesis	COG1186	J:[Translation, ribosomal structure and biogenesis]	4
J	tRNA U34 2-thiouridine synthase MnmA/TrmU, contains the PP-loop ATPase domain	Translation, ribosomal structure and biogenesis	COG0482	J:[Translation, ribosomal structure and biogenesis]	4
E	Glycine cleavage system protein P (pyridoxal-binding), C-terminal domain	Amino acid transport and metabolism	COG1003	E:[Amino acid transport and metabolism]	4
O	NAD-dependent protein deacetylase, SIR2 family	Posttranslational modification, protein turnover, chaperones	COG0846	O:[Posttranslational modification, protein turnover, chaperones]	4
H	Molybdopterin-guanine dinucleotide biosynthesis protein A	Coenzyme transport and metabolism	COG0746	H:[Coenzyme transport and metabolism]	4
L	Broad specificity polyphosphatase and 5'/3'-nucleotidase SurE	Replication, recombination and repair	COG0496	L:[Replication, recombination and repair]	4
O	Molecular chaperone GrpE (heat shock protein HSP-70)	Posttranslational modification, protein turnover, chaperones	COG0576	O:[Posttranslational modification, protein turnover, chaperones]	4
M	Periplasmic chaperone for outer membrane proteins, Skp/HlpA/OmpH family	Cell wall/membrane/envelope biogenesis	COG2825	M:[Cell wall/membrane/envelope biogenesis]	4
O	Fe-S cluster assembly scaffold protein IscU, NifU family	Posttranslational modification, protein turnover, chaperones	COG0822	O:[Posttranslational modification, protein turnover, chaperones]	4
F	Thymidylate kinase	Nucleotide transport and metabolism	COG0125	F:[Nucleotide transport and metabolism]	4
L	Holliday junction resolvasome RuvABC endonuclease subunit RuvC	Replication, recombination and repair	COG0817	L:[Replication, recombination and repair]	4
U	Preprotein translocase subunit SecF	Intracellular trafficking, secretion, and vesicular transport	COG0341	U:[Intracellular trafficking, secretion, and vesicular transport]	4
P	Mg/Co/Ni transporter MgtE (contains CBS domain)	Inorganic ion transport and metabolism	COG2239	P:[Inorganic ion transport and metabolism]	4
H	S-adenosylhomocysteine hydrolase	Coenzyme transport and metabolism	COG0499	H:[Coenzyme transport and metabolism]	4
O	Cytochrome c peroxidase	Posttranslational modification, protein turnover, chaperones	COG1858	O:[Posttranslational modification, protein turnover, chaperones]	4
M	Apolipoprotein N-acyltransferase	Cell wall/membrane/envelope biogenesis	COG0815	M:[Cell wall/membrane/envelope biogenesis]	4
M	UDP-N-acetyl-D-mannosaminuronate dehydrogenase	Cell wall/membrane/envelope biogenesis	COG0677	M:[Cell wall/membrane/envelope biogenesis]	4
J	Ribonuclease BN, tRNA processing enzyme	Translation, ribosomal structure and biogenesis	COG1234	J:[Translation, ribosomal structure and biogenesis]	4
C	Pyruvate:ferredoxin oxidoreductase or related 2-oxoacid:ferredoxin oxidoreductase, alpha subunit	Energy production and conversion	COG0674	C:[Energy production and conversion]	4
E	Shikimate kinase	Amino acid transport and metabolism	COG0703	E:[Amino acid transport and metabolism]	4
O	Predicted Mg-chelatase, contains ChlI-like and ATPase domains, YifB family	Posttranslational modification, protein turnover, chaperones	COG0606	O:[Posttranslational modification, protein turnover, chaperones]	4
O	Metal-sulfur cluster biosynthetic enzyme, includes PaaD subunit of phenylacetate degradation complex	Posttranslational modification, protein turnover, chaperones	COG2151	O:[Posttranslational modification, protein turnover, chaperones]	4
E	Alanine dehydrogenase (includes sporulation protein SpoVN)	Amino acid transport and metabolism	COG0686	E:[Amino acid transport and metabolism]	4
M	Outer membrane protein assembly factor BamB, contains beta-propeller repeat	Cell wall/membrane/envelope biogenesis	COG1520	M:[Cell wall/membrane/envelope biogenesis]	4
J	RNA 2',3'-cyclic phosphodiesterase (2'-5' RNA ligase)	Translation, ribosomal structure and biogenesis	COG1514	J:[Translation, ribosomal structure and biogenesis]	4
E	Gamma-glutamyl-gamma-aminobutyrate hydrolase PuuD (putrescine degradation), contains GATase1-like domain	Amino acid transport and metabolism	COG2071	E:[Amino acid transport and metabolism]	4
H	2-iminoacetate synthase ThiH/Menaquinone biosynthesis enzymes MqnC and MqnE	Coenzyme transport and metabolism	COG1060	H:[Coenzyme transport and metabolism]	4
C	Pyruvate:ferredoxin oxidoreductase or related 2-oxoacid:ferredoxin oxidoreductase, beta subunit	Energy production and conversion	COG1013	C:[Energy production and conversion]	4
T	CheY-like REC (receiver) domain, includes chemotaxis protein CheY  and sporulation regulator Spo0F	Signal transduction mechanisms	COG0784	T:[Signal transduction mechanisms]	4
G	ABC-type polysaccharide/polyol phosphate transport system, ATPase component	Carbohydrate transport and metabolism	COG1134	G:[Carbohydrate transport and metabolism]	4
E	N-methylhydantoinase B/oxoprolinase/acetone carboxylase, alpha subunit	Amino acid transport and metabolism	COG0146	E:[Amino acid transport and metabolism]	4
H	Outer membrane cobalamin receptor protein BtuB	Coenzyme transport and metabolism	COG4206	H:[Coenzyme transport and metabolism]	4
U	Protein translocase subunit SecG	Intracellular trafficking, secretion, and vesicular transport	COG1314	U:[Intracellular trafficking, secretion, and vesicular transport]	4
K	Transcriptional regulator of heat shock response	Transcription	COG1420	K:[Transcription]	4
E	Prephenate dehydrogenase	Amino acid transport and metabolism	COG0287	E:[Amino acid transport and metabolism]	4
L	ADP-ribose pyrophosphatase domain of DNA damage- and competence-inducible protein CinA	Replication, recombination and repair	COG1058	L:[Replication, recombination and repair]	4
R	Uncharacterized conserved protein YqeY, may have tRNA amino acid amidase activity	General function prediction only	COG1610	R:[General function prediction only]	4
I	Phosphopantetheinyl transferase (holo-ACP synthase)	Lipid transport and metabolism	COG0736	I:[Lipid transport and metabolism]	4
O	Zn-dependent protease (includes sporulation protein SpoIVFB)	Posttranslational modification, protein turnover, chaperones	COG1994	O:[Posttranslational modification, protein turnover, chaperones]	4
C	NADH:ubiquinone oxidoreductase 27 kD subunit (chain C)	Energy production and conversion	COG0852	C:[Energy production and conversion]	4
T	Ser/Thr protein kinase RdoA involved in Cpx stress response, MazF antagonist	Signal transduction mechanisms	COG2334	T:[Signal transduction mechanisms]	4
G	ABC-type transport systems for B6 and hexose phosphate, periplasmic component	Carbohydrate transport and metabolism	COG1840	G:[Carbohydrate transport and metabolism]	4
K	DNA-directed RNA polymerase specialized sigma subunit	Transcription	COG1191	K:[Transcription]	4
C	Multimeric flavodoxin WrbA, includes NAD(P)H:quinone oxidoreductase	Energy production and conversion	COG0655	C:[Energy production and conversion]	4
G	Glyceraldehyde-3-phosphate dehydrogenase/erythrose-4-phosphate dehydrogenase	Carbohydrate transport and metabolism	COG0057	G:[Carbohydrate transport and metabolism]	4
M	D-alanyl-D-alanine carboxypeptidase	Cell wall/membrane/envelope biogenesis	COG1686	M:[Cell wall/membrane/envelope biogenesis]	4
O	Molybdoenzyme maturation factor PaoD (Mo cofactor insertion), XdhC/CoxF family	Posttranslational modification, protein turnover, chaperones	COG1975	O:[Posttranslational modification, protein turnover, chaperones]	4
E	ABC-type oligopeptide transport system, periplasmic component	Amino acid transport and metabolism	COG4166	E:[Amino acid transport and metabolism]	4
H	Dihydroneopterin aldolase	Coenzyme transport and metabolism	COG1539	H:[Coenzyme transport and metabolism]	4
H	NAD(P)H-flavin reductase	Coenzyme transport and metabolism	COG0543	H:[Coenzyme transport and metabolism]	4
J	23S rRNA G2069 N7-methylase RlmK or C1962 C5-methylase RlmI	Translation, ribosomal structure and biogenesis	COG1092	J:[Translation, ribosomal structure and biogenesis]	4
G	Glucose-6-phosphate 1-dehydrogenase	Carbohydrate transport and metabolism	COG0364	G:[Carbohydrate transport and metabolism]	4
C	Zn-dependent alcohol/formaldehyde dehydrogenase	Energy production and conversion	COG1062	C:[Energy production and conversion]	4
R	Carbonic anhydrase or acetyltransferase, isoleucine patch superfamily	General function prediction only	COG0663	R:[General function prediction only]	4
N	Flagellar motor component MotA	Cell motility	COG1291	N:[Cell motility]	4
V	Alkyl hydroperoxide reductase subunit AhpC (peroxiredoxin)	Defense mechanisms	COG0450	V:[Defense mechanisms]	4
G	TRAP-type C4-dicarboxylate transport system, large permease component	Carbohydrate transport and metabolism	COG1593	G:[Carbohydrate transport and metabolism]	4
K	SOS-response transcriptional repressor LexA (RecA-mediated autopeptidase)	Transcription	COG1974	K:[Transcription]	4
M	Membrane-anchored protein YidD, putatitve component of membrane protein insertase Oxa1/YidC/SpoIIIJ	Cell wall/membrane/envelope biogenesis	COG0759	M:[Cell wall/membrane/envelope biogenesis]	4
F	GMP synthase, glutamine amidotransferase domain/subunit	Nucleotide transport and metabolism	COG0518	F:[Nucleotide transport and metabolism]	4
M	dTDP-D-glucose 4,6-dehydratase	Cell wall/membrane/envelope biogenesis	COG1088	M:[Cell wall/membrane/envelope biogenesis]	4
M	Magnetosome formation protein MamQ, lipoprotein antigen LemA family	Cell wall/membrane/envelope biogenesis	COG1704	M:[Cell wall/membrane/envelope biogenesis]	4
M	dTDP-glucose pyrophosphorylase	Cell wall/membrane/envelope biogenesis	COG1209	M:[Cell wall/membrane/envelope biogenesis]	4
E	Homoserine O-acetyltransferase	Amino acid transport and metabolism	COG2021	E:[Amino acid transport and metabolism]	4
J	Ribosomal protein S1	Translation, ribosomal structure and biogenesis	COG0539	J:[Translation, ribosomal structure and biogenesis]	4
C	Cytochrome c2	Energy production and conversion	COG3474	C:[Energy production and conversion]	4
G	6-phosphogluconolactonase/Glucosamine-6-phosphate isomerase/deaminase	Carbohydrate transport and metabolism	COG0363	G:[Carbohydrate transport and metabolism]	4
P	Mn2+ or Fe2+ transporter, NRAMP family	Inorganic ion transport and metabolism	COG1914	P:[Inorganic ion transport and metabolism]	4
G	Glycerol uptake facilitator or related aquaporin (Major Intrinsic protein Family)	Carbohydrate transport and metabolism	COG0580	G:[Carbohydrate transport and metabolism]	4
K	Transcriptional regulator GlxA, contains an amidase domain and an AraC-type DNA-binding HTH domain	Transcription	COG4977	K:[Transcription]	5
K	DNA-binding transcriptional regulator, FadR family	Transcription	COG2186	K:[Transcription]	5
E	ABC-type polar amino acid transport system, ATPase component	Amino acid transport and metabolism	COG1126	E:[Amino acid transport and metabolism]	5
C	Na+/H+-dicarboxylate symporter	Energy production and conversion	COG1301	C:[Energy production and conversion]	5
P	Nitrate/nitrite transporter NarK	Inorganic ion transport and metabolism	COG2223	P:[Inorganic ion transport and metabolism]	5
I	Phosphatidylserine/phosphatidylglycerophosphate/cardiolipin synthase	Lipid transport and metabolism	COG1502	I:[Lipid transport and metabolism]	5
E	Spermidine/putrescine-binding periplasmic protein	Amino acid transport and metabolism	COG0687	E:[Amino acid transport and metabolism]	5
X	Transposase InsO of transposable element IS3, Rve (retroviral integrase) family	Mobilome: prophages, transposons	COG2801	X:[Mobilome: prophages, transposons]	5
G	ABC-type sugar transport system, periplasmic component, contains N-terminal xre family HTH domain	Carbohydrate transport and metabolism	COG1879	G:[Carbohydrate transport and metabolism]	5
K	DNA-binding transcriptional regulator, GntR family	Transcription	COG2188	K:[Transcription]	5
R	Membrane protein RarD, contains two EamA domains, drug/metabolite transporter family	General function prediction only	COG2962	R:[General function prediction only]	5
E	ABC-type spermidine/putrescine transport system, permease component II	Amino acid transport and metabolism	COG1177	E:[Amino acid transport and metabolism]	5
E	ABC-type spermidine/putrescine transport system, permease component I	Amino acid transport and metabolism	COG1176	E:[Amino acid transport and metabolism]	5
K	DNA-binding response regulator, LytR/AlgR family	Transcription	COG3279	K:[Transcription]	5
E	Threonine/homoserine efflux transporter RhtA, contains EamA domain	Amino acid transport and metabolism	COG5006	E:[Amino acid transport and metabolism]	5
G	TRAP-type C4-dicarboxylate transport system, periplasmic component	Carbohydrate transport and metabolism	COG1638	G:[Carbohydrate transport and metabolism]	5
I	Lysophospholipase, alpha-beta hydrolase superfamily	Lipid transport and metabolism	COG2267	I:[Lipid transport and metabolism]	5
R	Redox-sensitive bicupin YhaK, pirin superfamily	General function prediction only	COG1741	R:[General function prediction only]	5
P	Mg2+ and Co2+ transporter CorA	Inorganic ion transport and metabolism	COG0598	P:[Inorganic ion transport and metabolism]	5
P	Sulfate permease or related transporter, MFS superfamily, contains STAS domain	Inorganic ion transport and metabolism	COG0659	P:[Inorganic ion transport and metabolism]	6
E	L-amino acid N-acyltransferase MnaT	Amino acid transport and metabolism	COG1247	E:[Amino acid transport and metabolism]	6
O	Fe-S cluster assembly scaffold protein SufB	Posttranslational modification, protein turnover, chaperones	COG0719	O:[Posttranslational modification, protein turnover, chaperones]	6
G	ABC-type polysaccharide/teichoic acid/polyol phosphate export permease	Carbohydrate transport and metabolism	COG1682	G:[Carbohydrate transport and metabolism]	6
L	Single-stranded DNA-binding protein	Replication, recombination and repair	COG0629	L:[Replication, recombination and repair]	6
H	6-pyruvoyl-tetrahydropterin synthase	Coenzyme transport and metabolism	COG0720	H:[Coenzyme transport and metabolism]	6
O	Periplasmic chaperone SurA (peptidyl-prolyl cis-trans isomerase)	Posttranslational modification, protein turnover, chaperones	COG0760	O:[Posttranslational modification, protein turnover, chaperones]	6
E	Homoaconitase/3-isopropylmalate dehydratase large subunit	Amino acid transport and metabolism	COG0065	E:[Amino acid transport and metabolism]	6
C	Fe-S-cluster-containing dehydrogenase component (DMSO reductase)	Energy production and conversion	COG0437	C:[Energy production and conversion]	6
F	IMP dehydrogenase/GMP reductase	Nucleotide transport and metabolism	COG0516	F:[Nucleotide transport and metabolism]	6
O	ATP-dependent Lon protease, bacterial type	Posttranslational modification, protein turnover, chaperones	COG0466	O:[Posttranslational modification, protein turnover, chaperones]	6
F	Phosphoribosylaminoimidazole-succinocarboxamide synthase	Nucleotide transport and metabolism	COG0152	F:[Nucleotide transport and metabolism]	6
O	Protein-L-isoaspartate O-methyltransferase	Posttranslational modification, protein turnover, chaperones	COG2518	O:[Posttranslational modification, protein turnover, chaperones]	6
L	Endonuclease III	Replication, recombination and repair	COG0177	L:[Replication, recombination and repair]	6
G	Pentose-5-phosphate-3-epimerase	Carbohydrate transport and metabolism	COG0036	G:[Carbohydrate transport and metabolism]	6
J	Translation elongation factor P (EF-P)/translation initiation factor 5A (eIF-5A)	Translation, ribosomal structure and biogenesis	COG0231	J:[Translation, ribosomal structure and biogenesis]	6
C	Succinyl-CoA synthetase, beta subunit	Energy production and conversion	COG0045	C:[Energy production and conversion]	6
E	N-acetyl-gamma-glutamylphosphate reductase	Amino acid transport and metabolism	COG0002	E:[Amino acid transport and metabolism]	6
L	Transcription-repair coupling factor (superfamily II helicase)	Replication, recombination and repair	COG1197	L:[Replication, recombination and repair]	6
I	Acetyl-CoA carboxylase, carboxyltransferase component	Lipid transport and metabolism	COG4799	I:[Lipid transport and metabolism]	6
C	Succinyl-CoA synthetase, alpha subunit	Energy production and conversion	COG0074	C:[Energy production and conversion]	6
P	Phosphate uptake regulator PhoU	Inorganic ion transport and metabolism	COG0704	P:[Inorganic ion transport and metabolism]	6
L	RecA/RadA recombinase	Replication, recombination and repair	COG0468	L:[Replication, recombination and repair]	6
I	Undecaprenyl pyrophosphate synthase	Lipid transport and metabolism	COG0020	I:[Lipid transport and metabolism]	6
H	Molybdopterin or thiamine biosynthesis adenylyltransferase	Coenzyme transport and metabolism	COG0476	H:[Coenzyme transport and metabolism]	6
E	Asparagine synthetase B (glutamine-hydrolyzing)	Amino acid transport and metabolism	COG0367	E:[Amino acid transport and metabolism]	6
M	Prolipoprotein diacylglyceryltransferase	Cell wall/membrane/envelope biogenesis	COG0682	M:[Cell wall/membrane/envelope biogenesis]	6
E	Leucyl aminopeptidase	Amino acid transport and metabolism	COG0260	E:[Amino acid transport and metabolism]	6
T	Phosphoserine phosphatase RsbU, regulator of sigma subunit	Signal transduction mechanisms	COG2208	T:[Signal transduction mechanisms]	6
J	Cysteinyl-tRNA synthetase	Translation, ribosomal structure and biogenesis	COG0215	J:[Translation, ribosomal structure and biogenesis]	6
H	Molybdopterin synthase sulfur carrier subunit MoaD	Coenzyme transport and metabolism	COG1977	H:[Coenzyme transport and metabolism]	6
F	Orotate phosphoribosyltransferase	Nucleotide transport and metabolism	COG0461	F:[Nucleotide transport and metabolism]	6
P	Cu/Ag efflux pump CusA	Inorganic ion transport and metabolism	COG3696	P:[Inorganic ion transport and metabolism]	6
H	Dihydropteroate synthase	Coenzyme transport and metabolism	COG0294	H:[Coenzyme transport and metabolism]	6
C	NADH:ubiquinone oxidoreductase subunit 3 (chain A)	Energy production and conversion	COG0838	C:[Energy production and conversion]	6
T	Nitrogen regulatory protein PII	Signal transduction mechanisms	COG0347	T:[Signal transduction mechanisms]	6
M	Lipid II flippase MurJ/MviN (peptidoglycan biosynthesis)	Cell wall/membrane/envelope biogenesis	COG0728	M:[Cell wall/membrane/envelope biogenesis]	6
M	Periplasmic protein Wza involved in polysaccharide export, contains SLBB domain of the beta-grasp fold	Cell wall/membrane/envelope biogenesis	COG1596	M:[Cell wall/membrane/envelope biogenesis]	6
O	Co-chaperonin GroES (HSP10)	Posttranslational modification, protein turnover, chaperones	COG0234	O:[Posttranslational modification, protein turnover, chaperones]	6
M	ATPase subunit MlaF of the ABC-type intermembrane phospholipid transporter Mla	Cell wall/membrane/envelope biogenesis	COG1127	M:[Cell wall/membrane/envelope biogenesis]	6
Q	Phytoene dehydrogenase-related protein	Secondary metabolites biosynthesis, transport and catabolism	COG1233	Q:[Secondary metabolites biosynthesis, transport and catabolism]	6
J	Translation elongation factor EF-Tu, a GTPase	Translation, ribosomal structure and biogenesis	COG0050	J:[Translation, ribosomal structure and biogenesis]	6
K	Transcription termination/antitermination protein NusG	Transcription	COG0250	K:[Transcription]	6
M	Permease subunit MlaE of the ABC-type intermembrane phospholipid transporter Mla	Cell wall/membrane/envelope biogenesis	COG0767	M:[Cell wall/membrane/envelope biogenesis]	6
C	NADH:ubiquinone oxidoreductase subunit 1 (chain H)	Energy production and conversion	COG1005	C:[Energy production and conversion]	6
C	NADH:ubiquinone oxidoreductase subunit 2 (chain N)	Energy production and conversion	COG1007	C:[Energy production and conversion]	6
P	Arylsulfatase A or related enzyme, AlkP superfamily	Inorganic ion transport and metabolism	COG3119	P:[Inorganic ion transport and metabolism]	6
C	NADH:ubiquinone oxidoreductase 49 kD subunit (chain D)	Energy production and conversion	COG0649	C:[Energy production and conversion]	6
M	Outer membrane protein assembly factor BamA	Cell wall/membrane/envelope biogenesis	COG4775	M:[Cell wall/membrane/envelope biogenesis]	6
C	NADH:ubiquinone oxidoreductase 20 kD subunit (chain B) or related Fe-S oxidoreductase	Energy production and conversion	COG0377	C:[Energy production and conversion]	6
F	Purine nucleoside phosphorylase	Nucleotide transport and metabolism	COG0005	F:[Nucleotide transport and metabolism]	6
C	Formate hydrogenlyase subunit 6/NADH:ubiquinone oxidoreductase 23 kD subunit (chain I)	Energy production and conversion	COG1143	C:[Energy production and conversion]	6
C	NADH:ubiquinone oxidoreductase subunit 6 (chain J)	Energy production and conversion	COG0839	C:[Energy production and conversion]	6
C	FoF1-type ATP synthase, membrane subunit b or b'	Energy production and conversion	COG0711	C:[Energy production and conversion]	6
C	NADH:ubiquinone oxidoreductase subunit 4 (chain M)	Energy production and conversion	COG1008	C:[Energy production and conversion]	6
M	UDP-glucose 4-epimerase	Cell wall/membrane/envelope biogenesis	COG1087	M:[Cell wall/membrane/envelope biogenesis]	6
O	Membrane-associated serine protease, rhomboid family	Posttranslational modification, protein turnover, chaperones	COG0705	O:[Posttranslational modification, protein turnover, chaperones]	6
C	NADH:ubiquinone oxidoreductase subunit 11 or 4L (chain K)	Energy production and conversion	COG0713	C:[Energy production and conversion]	6
M	Periplasmic subunit MlaD of the ABC-type intermembrane phospholipid transporter Mla	Cell wall/membrane/envelope biogenesis	COG1463	M:[Cell wall/membrane/envelope biogenesis]	6
C	Malate/lactate dehydrogenase	Energy production and conversion	COG0039	C:[Energy production and conversion]	6
I	Methylmalonyl-CoA mutase, N-terminal domain/subunit	Lipid transport and metabolism	COG1884	I:[Lipid transport and metabolism]	6
C	Cytochrome c553	Energy production and conversion	COG2863	C:[Energy production and conversion]	6
P	Carbonic anhydrase	Inorganic ion transport and metabolism	COG0288	P:[Inorganic ion transport and metabolism]	6
E	Phosphoserine phosphatase	Amino acid transport and metabolism	COG0560	E:[Amino acid transport and metabolism]	6
M	Predicted membrane flippase AglD2/YbhN, UPF0104 family	Cell wall/membrane/envelope biogenesis	COG0392	M:[Cell wall/membrane/envelope biogenesis]	6
M	PMT family glycosyltransferase ArnT/Agl22, involved in glycosylation of proteins and lipid IVA	Cell wall/membrane/envelope biogenesis	COG1807	M:[Cell wall/membrane/envelope biogenesis]	6
I	Enoyl-[acyl-carrier-protein] reductase FabI	Lipid transport and metabolism	COG0623	I:[Lipid transport and metabolism]	6
C	Molybdopterin-dependent catalytic subunit of periplasmic DMSO/TMAO and protein-methionine-sulfoxide reductases	Energy production and conversion	COG2041	C:[Energy production and conversion]	6
L	Site-specific DNA recombinase SpoIVCA/DNA invertase PinE	Replication, recombination and repair	COG1961	L:[Replication, recombination and repair]	6
O	Peptide methionine sulfoxide reductase MsrB	Posttranslational modification, protein turnover, chaperones	COG0229	O:[Posttranslational modification, protein turnover, chaperones]	6
R	Lactoylglutathione lyase-related enzyme, vicinal oxygen chelate (VOC) family	General function prediction only	COG3324	R:[General function prediction only]	6
R	Cupin domain protein related to quercetin dioxygenase	General function prediction only	COG1917	R:[General function prediction only]	6
I	Phytoene/squalene synthetase	Lipid transport and metabolism	COG1562	I:[Lipid transport and metabolism]	6
M	Lipoprotein-anchoring transpeptidase ErfK/SrfK	Cell wall/membrane/envelope biogenesis	COG1376	M:[Cell wall/membrane/envelope biogenesis]	6
M	Opacity protein LomR and related surface antigens	Cell wall/membrane/envelope biogenesis	COG3637	M:[Cell wall/membrane/envelope biogenesis]	6
K	DNA-binding transcriptional regulator, PadR family	Transcription	COG1695	K:[Transcription]	6
T	Two-component sensor histidine kinase, HisKA and HATPase domains	Signal transduction mechanisms	COG3920	T:[Signal transduction mechanisms]	6
Q	EntF, seryl-AMP synthase component  of non-ribosomal peptide synthetase	Secondary metabolites biosynthesis, transport and catabolism	COG1020	Q:[Secondary metabolites biosynthesis, transport and catabolism]	7
K	DNA-binding transcriptional regulator, MurR/RpiR family, contains HTH and SIS domains	Transcription	COG1737	K:[Transcription]	7
M	Outer membrane porin OmpC/OmpF/PhoE	Cell wall/membrane/envelope biogenesis	COG3203	M:[Cell wall/membrane/envelope biogenesis]	7
C	Cytochrome b561	Energy production and conversion	COG3038	C:[Energy production and conversion]	7
H	Coenzyme A disulfide reductase or related oxidoreductase, NAD(P)H-disulfide oxidoreductase family	Coenzyme transport and metabolism	COG0446	H:[Coenzyme transport and metabolism]	7
V	ABC-type bacteriocin/lantibiotic exporters, contain an N-terminal double-glycine peptidase domain	Defense mechanisms	COG2274	V:[Defense mechanisms]	8
P	Outer membrane receptor for monomeric catechols	Inorganic ion transport and metabolism	COG4774	P:[Inorganic ion transport and metabolism]	8
G	L-2-hydroxyglutarate oxidase LhgO	Carbohydrate transport and metabolism	COG0579	G:[Carbohydrate transport and metabolism]	8
E	Histidine ammonia-lyase	Amino acid transport and metabolism	COG2986	E:[Amino acid transport and metabolism]	8
H	Heme-degrading monooxygenase HmoA and related ABM domain proteins	Coenzyme transport and metabolism	COG2329	H:[Coenzyme transport and metabolism]	8
Q	Protocatechuate 3,4-dioxygenase beta subunit	Secondary metabolites biosynthesis, transport and catabolism	COG3485	Q:[Secondary metabolites biosynthesis, transport and catabolism]	8
I	Poly-beta-hydroxybutyrate synthase	Lipid transport and metabolism	COG3243	I:[Lipid transport and metabolism]	8
G	2-keto-3-deoxy-6-phosphogluconate aldolase	Carbohydrate transport and metabolism	COG0800	G:[Carbohydrate transport and metabolism]	8
Q	Acyl-homoserine lactone (AHL) acylase PvdQ	Secondary metabolites biosynthesis, transport and catabolism	COG2366	Q:[Secondary metabolites biosynthesis, transport and catabolism]	8
G	Phosphoenolpyruvate-protein kinase (PTS system EI component in bacteria)	Carbohydrate transport and metabolism	COG1080	G:[Carbohydrate transport and metabolism]	8
O	Endopeptidase PepO, M13 family	Posttranslational modification, protein turnover, chaperones	COG3590	O:[Posttranslational modification, protein turnover, chaperones]	8
G	Beta-galactosidase/beta-glucuronidase	Carbohydrate transport and metabolism	COG3250	G:[Carbohydrate transport and metabolism]	8
K	DNA-binding transcriptional regulator, CsgD family	Transcription	COG2771	K:[Transcription]	8
G	UDP:flavonoid glycosyltransferase YjiC, YdhE family	Carbohydrate transport and metabolism	COG1819	G:[Carbohydrate transport and metabolism]	8
J	Sulfur carrier protein TusA (tRNA thiolation, molybdenum cofactor biosynthesis)	Translation, ribosomal structure and biogenesis	COG0425	J:[Translation, ribosomal structure and biogenesis]	8
R	Predicted metal-dependent hydrolase, TIM-barrel fold	General function prediction only	COG3618	R:[General function prediction only]	8
G	Pullulanase/glycogen debranching enzyme	Carbohydrate transport and metabolism	COG1523	G:[Carbohydrate transport and metabolism]	8
J	HrpA-like RNA helicase	Translation, ribosomal structure and biogenesis	COG1643	J:[Translation, ribosomal structure and biogenesis]	8
R	Predicted CoA-binding protein	General function prediction only	COG1832	R:[General function prediction only]	8
J	HD superfamily phosphodiesterase, includes HD domain of RNase Y	Translation, ribosomal structure and biogenesis	COG1418	J:[Translation, ribosomal structure and biogenesis]	8
C	Acetate kinase	Energy production and conversion	COG0282	C:[Energy production and conversion]	8
G	Glucose-1-phosphate adenylyltransferase (ADP-glucose pyrophosphorylase)	Carbohydrate transport and metabolism	COG0448	G:[Carbohydrate transport and metabolism]	8
J	O-acetyl-ADP-ribose deacetylase (regulator of RNase III), contains Macro domain	Translation, ribosomal structure and biogenesis	COG2110	J:[Translation, ribosomal structure and biogenesis]	8
J	23S rRNA accumulation RNA-binding protein YceD (essential in plants)	Translation, ribosomal structure and biogenesis	COG1399	J:[Translation, ribosomal structure and biogenesis]	8
G	Ribose 5-phosphate isomerase RpiB	Carbohydrate transport and metabolism	COG0698	G:[Carbohydrate transport and metabolism]	8
J	Predicted rRNA methylase YqxC, contains S4 and FtsJ domains	Translation, ribosomal structure and biogenesis	COG1189	J:[Translation, ribosomal structure and biogenesis]	8
C	Cytochrome c biogenesis protein CcmE	Energy production and conversion	COG2332	C:[Energy production and conversion]	8
L	Recombinational DNA repair ATPase RecF	Replication, recombination and repair	COG1195	L:[Replication, recombination and repair]	8
K	RNA polymerase-interacting regulator, CarD/CdnL/TRCF family	Transcription	COG1329	K:[Transcription]	8
O	Membrane-associated protease RseP, regulator of RpoE activity	Posttranslational modification, protein turnover, chaperones	COG0750	O:[Posttranslational modification, protein turnover, chaperones]	8
O	GTPase of the G3E family (not a periplasmic protein kinase)	Posttranslational modification, protein turnover, chaperones	COG1703	O:[Posttranslational modification, protein turnover, chaperones]	8
V	HNH family endonuclease, includes 5-methylcytosine-specific restriction endonuclease McrA	Defense mechanisms	COG1403	V:[Defense mechanisms]	8
E	Kynurenine formamidase	Amino acid transport and metabolism	COG1878	E:[Amino acid transport and metabolism]	8
F	Cytidine deaminase	Nucleotide transport and metabolism	COG0295	F:[Nucleotide transport and metabolism]	8
R	Uncharacterized protein, contains predicted SAM-dependent methyltransferase domain	General function prediction only	COG4301	R:[General function prediction only]	8
O	ABC-type transport system involved in cytochrome c biogenesis, permease component	Posttranslational modification, protein turnover, chaperones	COG2386	O:[Posttranslational modification, protein turnover, chaperones]	8
F	Phosphoribosylformylglycinamidine (FGAM) synthase, glutamine amidotransferase domain	Nucleotide transport and metabolism	COG0047	F:[Nucleotide transport and metabolism]	8
A	nanoRNase/pAp phosphatase, hydrolyzes c-di-AMP and oligoRNAs	RNA processing and modification	COG0618	A:[RNA processing and modification]	8
C	Cytochrome c biogenesis protein CcmF	Energy production and conversion	COG1138	C:[Energy production and conversion]	8
J	NADPH-dependent 7-cyano-7-deazaguanine reductase QueF, C-terminal domain, T-fold superfamily	Translation, ribosomal structure and biogenesis	COG0780	J:[Translation, ribosomal structure and biogenesis]	8
P	Arsenite efflux pump ArsB, ACR3 family	Inorganic ion transport and metabolism	COG0798	P:[Inorganic ion transport and metabolism]	8
K	Mn-dependent transcriptional regulator MntR, DtxR family	Transcription	COG1321	K:[Transcription]	8
E	5-methylthioribose/5-deoxyribulose 1-phosphate isomerase (methionine salvage pathway), a paralog of eIF-2B alpha subunit	Amino acid transport and metabolism	COG0182	E:[Amino acid transport and metabolism]	8
P	Membrane protein YqaA involved in indium extrusion, DedA family, contains VTT domain	Inorganic ion transport and metabolism	COG1238	P:[Inorganic ion transport and metabolism]	8
E	Glycine cleavage system protein P (pyridoxal-binding), N-terminal domain	Amino acid transport and metabolism	COG0403	E:[Amino acid transport and metabolism]	8
G	Di- and tricarboxylate antiporter	Carbohydrate transport and metabolism	COG0471	G:[Carbohydrate transport and metabolism]	8
P	Divalent cation tolerance protein CutA	Inorganic ion transport and metabolism	COG1324	P:[Inorganic ion transport and metabolism]	8
G	Phosphotransferase system, mannose/fructose-specific component IIA	Carbohydrate transport and metabolism	COG2893	G:[Carbohydrate transport and metabolism]	8
K	Fic family protein	Transcription	COG3177	K:[Transcription]	8
Q	TRAP-type mannitol/chloroaromatic compound transport system, periplasmic component	Secondary metabolites biosynthesis, transport and catabolism	COG4663	Q:[Secondary metabolites biosynthesis, transport and catabolism]	8
V	Type I restriction-modification system, DNA methylase subunit	Defense mechanisms	COG0286	V:[Defense mechanisms]	8
J	mRNA degradation ribonuclease J1/J2	Translation, ribosomal structure and biogenesis	COG0595	J:[Translation, ribosomal structure and biogenesis]	8
E	3-deoxy-D-arabino-heptulosonate 7-phosphate (DAHP) synthase	Amino acid transport and metabolism	COG2876	E:[Amino acid transport and metabolism]	8
T	2',3'- and 3',5'-cNMP phosphodiesterase YmdB, calcineurin family	Signal transduction mechanisms	COG1692	T:[Signal transduction mechanisms]	8
P	Fe2+ transport protein FeoA	Inorganic ion transport and metabolism	COG1918	P:[Inorganic ion transport and metabolism]	8
R	Acid resistance membrane protein HdeD, DUF308 family	General function prediction only	COG3247	R:[General function prediction only]	8
J	L-lysine 2,3-aminomutase EpmB	Translation, ribosomal structure and biogenesis	COG1509	J:[Translation, ribosomal structure and biogenesis]	8
P	Fe2+ transporter FeoB	Inorganic ion transport and metabolism	COG0370	P:[Inorganic ion transport and metabolism]	8
T	Signal transduction histidine kinase NtrY involved in nitrogen fixation and metabolism regulation	Signal transduction mechanisms	COG5000	T:[Signal transduction mechanisms]	8
L	DNA modification adenine methylase	Replication, recombination and repair	COG0863	L:[Replication, recombination and repair]	8
F	Phosphoribosylformylglycinamidine (FGAM) synthase, PurS subunit	Nucleotide transport and metabolism	COG1828	F:[Nucleotide transport and metabolism]	8
E	Methionine synthase I (cobalamin-dependent), methyltransferase domain	Amino acid transport and metabolism	COG0646	E:[Amino acid transport and metabolism]	8
E	N-methylhydantoinase A/oxoprolinase/acetone carboxylase, beta subunit	Amino acid transport and metabolism	COG0145	E:[Amino acid transport and metabolism]	8
J	tRNA(Leu) C34 or U34 (ribose-2'-O)-methylase TrmL, contains SPOUT domain	Translation, ribosomal structure and biogenesis	COG0219	J:[Translation, ribosomal structure and biogenesis]	8
P	Zinc transporter ZupT	Inorganic ion transport and metabolism	COG0428	P:[Inorganic ion transport and metabolism]	8
H	Cobalamin biosynthesis protein CobD/CbiB	Coenzyme transport and metabolism	COG1270	H:[Coenzyme transport and metabolism]	8
J	Ribosome biogenesis GTPase RsgA	Translation, ribosomal structure and biogenesis	COG1162	J:[Translation, ribosomal structure and biogenesis]	8
K	DNA-binding transcriptional regulator, FrmR family	Transcription	COG1937	K:[Transcription]	8
D	MinD-like ATPase FlhG/YlxH, activator of the FlhF-type GTPase	Cell cycle control, cell division, chromosome partitioning	COG0455	D:[Cell cycle control, cell division, chromosome partitioning]	8
T	Signal transduction histidine kinase NtrB, nitrogen specific	Signal transduction mechanisms	COG3852	T:[Signal transduction mechanisms]	8
L	3-methyladenine DNA glycosylase Tag	Replication, recombination and repair	COG2818	L:[Replication, recombination and repair]	8
G	Na+/melibiose symporter or related transporter	Carbohydrate transport and metabolism	COG2211	G:[Carbohydrate transport and metabolism]	8
O	ABC-type transport system involved in multi-copper enzyme maturation, permease component	Posttranslational modification, protein turnover, chaperones	COG1277	O:[Posttranslational modification, protein turnover, chaperones]	8
H	Nicotinamide mononucleotide (NMN) deamidase PncC	Coenzyme transport and metabolism	COG1546	H:[Coenzyme transport and metabolism]	8
R	UTP pyrophosphatase, metal-dependent hydrolase family	General function prediction only	COG1451	R:[General function prediction only]	8
L	DNA repair exonuclease SbcCD nuclease subunit	Replication, recombination and repair	COG0420	L:[Replication, recombination and repair]	8
T	CBS domain	Signal transduction mechanisms	COG0517	T:[Signal transduction mechanisms]	8
A	5'-3' exoribonuclease/diribonuclease TrpH/YciV (RNase AM), contains PHP domain	RNA processing and modification	COG0613	A:[RNA processing and modification]	8
P	ABC-type Zn uptake system ZnuABC, Zn-binding component ZnuA	Inorganic ion transport and metabolism	COG0803	P:[Inorganic ion transport and metabolism]	8
E	Glutamate or tyrosine decarboxylase or a related PLP-dependent protein	Amino acid transport and metabolism	COG0076	E:[Amino acid transport and metabolism]	8
L	Endonuclease YncB, thermonuclease family	Replication, recombination and repair	COG1525	L:[Replication, recombination and repair]	8
G	Trehalose-6-phosphate synthase, GT20 family	Carbohydrate transport and metabolism	COG0380	G:[Carbohydrate transport and metabolism]	8
O	Zn-dependent amino- or carboxypeptidase, M28 family	Posttranslational modification, protein turnover, chaperones	COG2234	O:[Posttranslational modification, protein turnover, chaperones]	8
M	UDP-N-acetyl-D-mannosaminuronic acid transferase, WecB/TagA/CpsF family	Cell wall/membrane/envelope biogenesis	COG1922	M:[Cell wall/membrane/envelope biogenesis]	8
Q	N-acyl-D-aspartate/D-glutamate deacylase	Secondary metabolites biosynthesis, transport and catabolism	COG3653	Q:[Secondary metabolites biosynthesis, transport and catabolism]	8
P	Iron homeostasis protein YciF (ferroxidase)	Inorganic ion transport and metabolism	COG3685	P:[Inorganic ion transport and metabolism]	8
R	Uncharacterized ProP-interacting protein YjbJ, UPF0337 family	General function prediction only	COG3237	R:[General function prediction only]	8
H	Protoporphyrinogen oxidase HemY/PPOX	Coenzyme transport and metabolism	COG1232	H:[Coenzyme transport and metabolism]	8
K	Transcriptional regulator, CopY/TcrY family	Transcription	COG3682	K:[Transcription]	8
C	Acetamidase/formamidase	Energy production and conversion	COG2421	C:[Energy production and conversion]	8
P	Catalase (peroxidase I)	Inorganic ion transport and metabolism	COG0376	P:[Inorganic ion transport and metabolism]	8
M	Surface protein containing fasciclin (FAS1) repeats	Cell wall/membrane/envelope biogenesis	COG2335	M:[Cell wall/membrane/envelope biogenesis]	8
E	Isoaspartyl peptidase or L-asparaginase, Ntn-hydrolase superfamily	Amino acid transport and metabolism	COG1446	E:[Amino acid transport and metabolism]	8
E	L-asparagine transporter or related permease	Amino acid transport and metabolism	COG1113	E:[Amino acid transport and metabolism]	9
F	Purine-cytosine permease or related protein	Nucleotide transport and metabolism	COG1457	F:[Nucleotide transport and metabolism]	9
E	ABC-type proline/glycine betaine transport system, periplasmic component	Amino acid transport and metabolism	COG2113	E:[Amino acid transport and metabolism]	9
U	Type VI secretion system spike component VgrG, 	Intracellular trafficking, secretion, and vesicular transport	COG3501	U:[Intracellular trafficking, secretion, and vesicular transport]	9
U	Type VI secretion system tube protein TssD/Hcp	Intracellular trafficking, secretion, and vesicular transport	COG3157	U:[Intracellular trafficking, secretion, and vesicular transport]	9
R	Uncharacterized conserved protein RhsA, contains RHS repeats	General function prediction only	COG3209	R:[General function prediction only]	9
R	Aromatic carboxylic acid efflux pump AaeB or related transporter, AaeB/MdtO/YccS family	General function prediction only	COG1289	R:[General function prediction only]	9
E	ABC-type proline/glycine betaine transport system, permease component	Amino acid transport and metabolism	COG4176	E:[Amino acid transport and metabolism]	9
M	Phosphoglycerol transferase MdoB/OpgB, AlkP superfamily	Cell wall/membrane/envelope biogenesis	COG1368	M:[Cell wall/membrane/envelope biogenesis]	9
K	RocR-type transcriptional regulator, contains PAS, AAA-type ATPase, and DNA-binding Fis domains	Transcription	COG3829	K:[Transcription]	9
E	ABC-type proline/glycine betaine transport system, ATPase component	Amino acid transport and metabolism	COG4175	E:[Amino acid transport and metabolism]	9
F	Xanthine/uracil permease	Nucleotide transport and metabolism	COG2233	F:[Nucleotide transport and metabolism]	9
P	ABC-type metal ion transport system, periplasmic component/surface antigen	Inorganic ion transport and metabolism	COG1464	P:[Inorganic ion transport and metabolism]	9
C	NAD(P)H-nitrite reductase, large subunit	Energy production and conversion	COG1251	C:[Energy production and conversion]	9
O	FKBP-type peptidyl-prolyl cis-trans isomerase	Posttranslational modification, protein turnover, chaperones	COG0545	O:[Posttranslational modification, protein turnover, chaperones]	9
R	Predicted N-acyltransferase, GNAT family	General function prediction only	COG2153	R:[General function prediction only]	9
M	Periplasmic glucan biosynthesis protein OpgG	Cell wall/membrane/envelope biogenesis	COG3131	M:[Cell wall/membrane/envelope biogenesis]	9
J	L-asparaginase/archaeal Glu-tRNAGln amidotransferase subunit D	Translation, ribosomal structure and biogenesis	COG0252	J:[Translation, ribosomal structure and biogenesis]	9
M	Outer membrane channel MlaA of the intermembrane phospholipid transporter MlaABCDEF complex	Cell wall/membrane/envelope biogenesis	COG2853	M:[Cell wall/membrane/envelope biogenesis]	9
G	H+/gluconate symporter GntT or related permease, GntP/DsdX family	Carbohydrate transport and metabolism	COG2610	G:[Carbohydrate transport and metabolism]	10
P	Cyanate permease	Inorganic ion transport and metabolism	COG2807	P:[Inorganic ion transport and metabolism]	10
C	FMN-dependent NADH-azoreductase	Energy production and conversion	COG1182	C:[Energy production and conversion]	10
M	Phospholipid-binding membrane integrity protein DolP/YraP/OsmY, contains BON domain	Cell wall/membrane/envelope biogenesis	COG2823	M:[Cell wall/membrane/envelope biogenesis]	10
Q	Taurine dioxygenase, alpha-ketoglutarate-dependent	Secondary metabolites biosynthesis, transport and catabolism	COG2175	Q:[Secondary metabolites biosynthesis, transport and catabolism]	10
J	Membrane-anchored ribosome-binding protein ElaB, inhibits growth in stationary phase, YqjD/DUF883 family	Translation, ribosomal structure and biogenesis	COG4575	J:[Translation, ribosomal structure and biogenesis]	10
J	23S rRNA C2501 and tRNA U34 5'-hydroxylation protein RlhA/YrrN/YrrO, U32 peptidase family	Translation, ribosomal structure and biogenesis	COG0826	J:[Translation, ribosomal structure and biogenesis]	10
R	Predicted deacylase	General function prediction only	COG3608	R:[General function prediction only]	10
M	N-acetyl-anhydromuramyl-L-alanine amidase AmpD	Cell wall/membrane/envelope biogenesis	COG3023	M:[Cell wall/membrane/envelope biogenesis]	10
M	D-alanyl-lipoteichoic acid acyltransferase DltB, MBOAT superfamily	Cell wall/membrane/envelope biogenesis	COG1696	M:[Cell wall/membrane/envelope biogenesis]	10
E	Predicted branched-chain amino acid permease (azaleucine resistance)	Amino acid transport and metabolism	COG1296	E:[Amino acid transport and metabolism]	10
G	Hydroxypyruvate/dehydroerythronate isomerase, Hyi/OtnI family	Carbohydrate transport and metabolism	COG3622	G:[Carbohydrate transport and metabolism]	10
P	Catalase	Inorganic ion transport and metabolism	COG0753	P:[Inorganic ion transport and metabolism]	10
R	Putative NADPH-quinone reductase (modulator of drug activity B)	General function prediction only	COG2249	R:[General function prediction only]	10
P	Outer membrane receptor for ferric coprogen and ferric-rhodotorulic acid	Inorganic ion transport and metabolism	COG4773	P:[Inorganic ion transport and metabolism]	10
E	L-serine deaminase	Amino acid transport and metabolism	COG1760	E:[Amino acid transport and metabolism]	10
E	ABC-type proline/glycine betaine transport system, permease component	Amino acid transport and metabolism	COG1174	E:[Amino acid transport and metabolism]	10
P	Periplasmic ferric-dicitrate binding protein FecR, regulates iron transport	Inorganic ion transport and metabolism	COG3712	P:[Inorganic ion transport and metabolism]	10
C	Propionyl CoA:succinate CoA transferase	Energy production and conversion	COG0427	C:[Energy production and conversion]	10
Q	NADPH-dependent curcumin reductase CurA	Secondary metabolites biosynthesis, transport and catabolism	COG2130	Q:[Secondary metabolites biosynthesis, transport and catabolism]	10
L	Methylphosphotriester-DNA--protein-cysteine methyltransferase, contains Zn-binding and AraC-type DNA-binding domains	Replication, recombination and repair	COG2169	L:[Replication, recombination and repair]	10
E	Ornithine cyclodeaminase/archaeal alanine dehydrogenase, mu-crystallin family	Amino acid transport and metabolism	COG2423	E:[Amino acid transport and metabolism]	10
X	Transposase InsE and inactivated derivatives	Mobilome: prophages, transposons	COG2963	X:[Mobilome: prophages, transposons]	10
C	Malate/lactate/ureidoglycolate dehydrogenase, LDH2 family	Energy production and conversion	COG2055	C:[Energy production and conversion]	10
F	Xanthine/guanine/uracil/vitamin C permease GhxP/GhxQ, nucleobase:cation symporter 2 ( NCS2) family	Nucleotide transport and metabolism	COG2252	F:[Nucleotide transport and metabolism]	10
C	Carbon starvation protein CstA (peptide/pyruvate transporter)	Energy production and conversion	COG1966	C:[Energy production and conversion]	10
Q	ABC-type microcin C transport system, duplicated ATPase component YejF	Secondary metabolites biosynthesis, transport and catabolism	COG4172	Q:[Secondary metabolites biosynthesis, transport and catabolism]	10
G	Acetyl xylan esterase AxeA and related esterases, LpqC family	Carbohydrate transport and metabolism	COG3509	G:[Carbohydrate transport and metabolism]	10
F	Formyltetrahydrofolate hydrolase	Nucleotide transport and metabolism	COG0788	F:[Nucleotide transport and metabolism]	10
Q	2-keto-4-pentenoate hydratase	Secondary metabolites biosynthesis, transport and catabolism	COG3971	Q:[Secondary metabolites biosynthesis, transport and catabolism]	10
C	Polyferredoxin NapH	Energy production and conversion	COG0348	C:[Energy production and conversion]	10
R	ABC-type uncharacterized transport system, permease and ATPase components	General function prediction only	COG4178	R:[General function prediction only]	10
L	ATPase/5'-3' helicase helicase subunit RecD of the DNA repair enzyme RecBCD (exonuclease V)	Replication, recombination and repair	COG0507	L:[Replication, recombination and repair]	10
T	sRNA-binding carbon storage regulator CsrA	Signal transduction mechanisms	COG1551	T:[Signal transduction mechanisms]	10
P	ABC-type sulfate transport system, periplasmic component	Inorganic ion transport and metabolism	COG1613	P:[Inorganic ion transport and metabolism]	10
Q	Aromatic ring-opening dioxygenase, catalytic subunit, LigB family	Secondary metabolites biosynthesis, transport and catabolism	COG3384	Q:[Secondary metabolites biosynthesis, transport and catabolism]	10
R	Predicted Na+-dependent transporter YfeH	General function prediction only	COG0385	R:[General function prediction only]	10
E	D-serine dehydratase, pyridoxal phosphate-dependent	Amino acid transport and metabolism	COG3616	E:[Amino acid transport and metabolism]	10
K	Transmembrane transcriptional regulator RsiW (anti-sigma-W factor)	Transcription	COG5662	K:[Transcription]	10
E	3-deoxy-D-arabino-heptulosonate 7-phosphate (DAHP) synthase	Amino acid transport and metabolism	COG0722	E:[Amino acid transport and metabolism]	10
O	Peptidyl-prolyl cis-trans isomerase, FKBP type	Posttranslational modification, protein turnover, chaperones	COG1047	O:[Posttranslational modification, protein turnover, chaperones]	10
T	Predicted FMN-binding regulatory protein PaiB	Signal transduction mechanisms	COG2808	T:[Signal transduction mechanisms]	10
G	Altronate dehydratase	Carbohydrate transport and metabolism	COG2721	G:[Carbohydrate transport and metabolism]	10
Q	Phenylpyruvate tautomerase PptA, 4-oxalocrotonate tautomerase family	Secondary metabolites biosynthesis, transport and catabolism	COG1942	Q:[Secondary metabolites biosynthesis, transport and catabolism]	10
H	Precorrin-2 methylase	Coenzyme transport and metabolism	COG2243	H:[Coenzyme transport and metabolism]	10
I	Acyl-CoA thioesterase	Lipid transport and metabolism	COG1946	I:[Lipid transport and metabolism]	10
E	Spermidine synthase (polyamine aminopropyltransferase)	Amino acid transport and metabolism	COG0421	E:[Amino acid transport and metabolism]	10
V	S-formylglutathione hydrolase FrmB	Defense mechanisms	COG0627	V:[Defense mechanisms]	10
M	Cell wall-associated hydrolase, NlpC_P60 family	Cell wall/membrane/envelope biogenesis	COG0791	M:[Cell wall/membrane/envelope biogenesis]	10
G	N-acetylglucosamine-6-phosphate deacetylase	Carbohydrate transport and metabolism	COG1820	G:[Carbohydrate transport and metabolism]	10
E	4-hydroxyphenylpyruvate dioxygenase and related hemolysins	Amino acid transport and metabolism	COG3185	E:[Amino acid transport and metabolism]	10
D	Spore germination protein YkwD and related proteins with CAP (CSP/antigen 5/PR1) domain	Cell cycle control, cell division, chromosome partitioning	COG2340	D:[Cell cycle control, cell division, chromosome partitioning]	10
P	K+ transport ATPase, ATPase subunit KdpB	Inorganic ion transport and metabolism	COG2216	P:[Inorganic ion transport and metabolism]	10
P	K+-transporting ATPase, KdpA subunit	Inorganic ion transport and metabolism	COG2060	P:[Inorganic ion transport and metabolism]	10
O	Disulfide bond formation protein DsbB	Posttranslational modification, protein turnover, chaperones	COG1495	O:[Posttranslational modification, protein turnover, chaperones]	10
P	K+-transporting ATPase, KdpC subunit	Inorganic ion transport and metabolism	COG2156	P:[Inorganic ion transport and metabolism]	10
G	Glucokinase	Carbohydrate transport and metabolism	COG0837	G:[Carbohydrate transport and metabolism]	10
O	Protein adenylyltransferase (AMPylase) SelO/YdiU (selenoprotein O)	Posttranslational modification, protein turnover, chaperones	COG0397	O:[Posttranslational modification, protein turnover, chaperones]	10
I	Carboxylesterase type B	Lipid transport and metabolism	COG2272	I:[Lipid transport and metabolism]	10
R	Uncharacterized protein, putative kinase inhibitor, PEBP/RKIP/YbhB/UPF0098 family	General function prediction only	COG1881	R:[General function prediction only]	10
T	Response regulator c-di-GMP phosphodiesterase, RpfG family, contains REC and HD-GYP domains	Signal transduction mechanisms	COG3437	T:[Signal transduction mechanisms]	10
O	Gamma-glutamyl:cysteine ligase YbdK, ATP-grasp superfamily	Posttranslational modification, protein turnover, chaperones	COG2170	O:[Posttranslational modification, protein turnover, chaperones]	10
P	Trk-type K+ transport system, membrane component	Inorganic ion transport and metabolism	COG0168	P:[Inorganic ion transport and metabolism]	10
D	Cell division protein ZapE (Z ring-associated ATPase), AFG1 superfamily	Cell cycle control, cell division, chromosome partitioning	COG1485	D:[Cell cycle control, cell division, chromosome partitioning]	10
K	DNA-binding transcriptional regulator YhcF, GntR family	Transcription	COG1725	K:[Transcription]	10
M	Outer membrane protein OmpW	Cell wall/membrane/envelope biogenesis	COG3047	M:[Cell wall/membrane/envelope biogenesis]	10
C	Heme-binding membrane subunit of periplasmic DMSO/TMAO and protein-methionine-sulfoxide reductases	Energy production and conversion	COG2717	C:[Energy production and conversion]	10
W	Flp/Tad pilus assembly secretin CpaC/RcpA	Extracellular structures	COG4964	W:[Extracellular structures]	10
G	Beta-glucosidase/6-phospho-beta-glucosidase/beta-galactosidase	Carbohydrate transport and metabolism	COG2723	G:[Carbohydrate transport and metabolism]	10
G	2-keto-3-deoxy-L-rhamnonate aldolase RhmA	Carbohydrate transport and metabolism	COG3836	G:[Carbohydrate transport and metabolism]	10
P	ABC-type sulfate transport system, permease component	Inorganic ion transport and metabolism	COG4208	P:[Inorganic ion transport and metabolism]	10
P	Gamma-glutamylcyclotransferase ChaC2 (glutathione degradation)	Inorganic ion transport and metabolism	COG3703	P:[Inorganic ion transport and metabolism]	10
P	ABC-type sulfate/molybdate transport systems, ATPase component	Inorganic ion transport and metabolism	COG1118	P:[Inorganic ion transport and metabolism]	10
G	Fructose-1,6-bisphosphatase	Carbohydrate transport and metabolism	COG0158	G:[Carbohydrate transport and metabolism]	10
E	Chorismate mutase	Amino acid transport and metabolism	COG1605	E:[Amino acid transport and metabolism]	10
N	Flagellar capping protein FliD	Cell motility	COG1345	N:[Cell motility]	10
V	Plasmid maintenance system antidote protein VapI/HigA, contains XRE-type HTH domain	Defense mechanisms	COG3093	V:[Defense mechanisms]	10
O	DnaJ domain-containing protein	Posttranslational modification, protein turnover, chaperones	COG1076	O:[Posttranslational modification, protein turnover, chaperones]	10
R	Predicted acetyltransferase, GNAT superfamily	General function prediction only	COG2388	R:[General function prediction only]	10
J	23S rRNA A2030 N6-methylase RlmJ	Translation, ribosomal structure and biogenesis	COG2961	J:[Translation, ribosomal structure and biogenesis]	10
C	Malate synthase	Energy production and conversion	COG2225	C:[Energy production and conversion]	10
L	Alkylated DNA repair dioxygenase AlkB	Replication, recombination and repair	COG3145	L:[Replication, recombination and repair]	10
P	Phosphodiesterase/alkaline phosphatase D	Inorganic ion transport and metabolism	COG3540	P:[Inorganic ion transport and metabolism]	10
G	6-phosphogluconate dehydrogenase (decarboxylating)	Carbohydrate transport and metabolism	COG1023	G:[Carbohydrate transport and metabolism]	10
M	Periplasmic glycine betaine/choline-binding (lipo)protein of an ABC-type transport system (osmoprotectant binding protein)	Cell wall/membrane/envelope biogenesis	COG1732	M:[Cell wall/membrane/envelope biogenesis]	10
K	Alkylated DNA nucleotide flippase Atl1, participates in nucleotide excision repair, Ada-like DNA-binding domain	Transcription	COG3695	K:[Transcription]	10
F	NADH pyrophosphatase NudC, Nudix superfamily	Nucleotide transport and metabolism	COG2816	F:[Nucleotide transport and metabolism]	10
K	FhlA-type transcriptional regulator, contains GAF, AAA-type ATPase, and DNA-binding Fis domains	Transcription	COG3604	K:[Transcription]	10
F	Adenosine/6-amino-6-deoxyfutalosine deaminase	Nucleotide transport and metabolism	COG1816	F:[Nucleotide transport and metabolism]	10
C	Phosphotransacetylase (includes Pta, EutD and phosphobutyryltransferase)	Energy production and conversion	COG0280	C:[Energy production and conversion]	10
Q	YciI superfamily enzyme, includes 5-CHQ dehydrochlorinase, contains active-site pHis	Secondary metabolites biosynthesis, transport and catabolism	COG2350	Q:[Secondary metabolites biosynthesis, transport and catabolism]	10
I	Diacylglycerol kinase	Lipid transport and metabolism	COG0818	I:[Lipid transport and metabolism]	10
M	Membrane-bound lytic murein transglycosylase	Cell wall/membrane/envelope biogenesis	COG2821	M:[Cell wall/membrane/envelope biogenesis]	10
G	4-alpha-glucanotransferase	Carbohydrate transport and metabolism	COG1640	G:[Carbohydrate transport and metabolism]	10
J	Elongation factor P--beta-lysine ligase EpmA	Translation, ribosomal structure and biogenesis	COG2269	J:[Translation, ribosomal structure and biogenesis]	10
F	Thymidine phosphorylase	Nucleotide transport and metabolism	COG0213	F:[Nucleotide transport and metabolism]	10
H	Pyrimidine reductase, riboflavin biosynthesis	Coenzyme transport and metabolism	COG1985	H:[Coenzyme transport and metabolism]	10
G	Fructose-1,6-bisphosphatase/sedoheptulose 1,7-bisphosphatase or related protein	Carbohydrate transport and metabolism	COG1494	G:[Carbohydrate transport and metabolism]	10
O	Pyruvate-formate lyase-activating enzyme	Posttranslational modification, protein turnover, chaperones	COG1180	O:[Posttranslational modification, protein turnover, chaperones]	10
C	Ni/Fe-hydrogenase 2 integral membrane subunit HybB	Energy production and conversion	COG5557	C:[Energy production and conversion]	10
J	Folate-dependent tRNA-U54 methylase TrmFO/GidA	Translation, ribosomal structure and biogenesis	COG1206	J:[Translation, ribosomal structure and biogenesis]	10
R	Predicted nucleic acid-binding protein DR0291, contains C4-type Zn-ribbon domain	General function prediction only	COG1579	R:[General function prediction only]	10
F	Ribonucleotide monophosphatase NagD, HAD superfamily	Nucleotide transport and metabolism	COG0647	F:[Nucleotide transport and metabolism]	10
R	HEAT repeat	General function prediction only	COG1413	R:[General function prediction only]	10
A	Bifunctional DNase/RNase	RNA processing and modification	COG1259	A:[RNA processing and modification]	10
J	tRNA1(Val) A37 N6-methylase TrmN6	Translation, ribosomal structure and biogenesis	COG4123	J:[Translation, ribosomal structure and biogenesis]	10
F	Deoxyribose-phosphate aldolase	Nucleotide transport and metabolism	COG0274	F:[Nucleotide transport and metabolism]	10
P	Ca2+/Na+ antiporter	Inorganic ion transport and metabolism	COG0530	P:[Inorganic ion transport and metabolism]	10
G	Archaeal 2-phospho-L-lactate transferase/Bacterial gluconeogenesis factor, CofD/UPF0052 family	Carbohydrate transport and metabolism	COG0391	G:[Carbohydrate transport and metabolism]	10
G	Trehalose-6-phosphate phosphatase	Carbohydrate transport and metabolism	COG1877	G:[Carbohydrate transport and metabolism]	10
J	Aspartyl/asparaginyl-tRNA synthetase	Translation, ribosomal structure and biogenesis	COG0017	J:[Translation, ribosomal structure and biogenesis]	10
K	Predicted transcriptional regulator	Transcription	COG4957	K:[Transcription]	10
M	UDP-2,3-diacylglucosamine hydrolase LpxI, combines lipid X-binding and nucleotide phosphodiesterase domains	Cell wall/membrane/envelope biogenesis	COG3494	M:[Cell wall/membrane/envelope biogenesis]	10
L	Endonuclease IV	Replication, recombination and repair	COG0648	L:[Replication, recombination and repair]	10
J	Bacterial ribosome collision sensor RqcU, MutS2 ATPase family	Translation, ribosomal structure and biogenesis	COG1193	J:[Translation, ribosomal structure and biogenesis]	10
T	c-di-AMP synthetase, contains the diadenylate cyclase (DAC) domain	Signal transduction mechanisms	COG1624	T:[Signal transduction mechanisms]	10
E	Homoserine kinase	Amino acid transport and metabolism	COG0083	E:[Amino acid transport and metabolism]	10
F	Deoxyadenosine/deoxycytidine kinase	Nucleotide transport and metabolism	COG1428	F:[Nucleotide transport and metabolism]	10
H	ECF-type transporter transmembrane protein EcfT	Coenzyme transport and metabolism	COG0619	H:[Coenzyme transport and metabolism]	10
F	NCAIR mutase (PurE)-related protein	Nucleotide transport and metabolism	COG1691	F:[Nucleotide transport and metabolism]	10
K	Superfamily II DNA or RNA helicase	Transcription	COG1061	K:[Transcription]	10
H	Siroheme synthase (precorrin-2 oxidase/ferrochelatase domain)	Coenzyme transport and metabolism	COG1648	H:[Coenzyme transport and metabolism]	10
R	ATP-utilizing enzyme, PP-loop superfamily	General function prediction only	COG1606	R:[General function prediction only]	10
E	L-aminopeptidase/D-esterase	Amino acid transport and metabolism	COG3191	E:[Amino acid transport and metabolism]	10
S	Uncharacterized membrane protein	Function unknown	COG5473	S:[Function unknown]	10
H	Nitrogenase Mo-Fe protein NifD/coenzyme F430 biosynthesis subunit CfbD	Coenzyme transport and metabolism	COG2710	H:[Coenzyme transport and metabolism]	10
R	Predicted ATPase, AAA+ superfamily	General function prediction only	COG1373	R:[General function prediction only]	10
J	Seryl-tRNA(Sec) selenium transferase	Translation, ribosomal structure and biogenesis	COG1921	J:[Translation, ribosomal structure and biogenesis]	10
J	NDP-sugar pyrophosphorylase, includes eIF-2Bgamma, eIF-2Bepsilon, and LPS biosynthesis protein s	Translation, ribosomal structure and biogenesis	COG1208	J:[Translation, ribosomal structure and biogenesis]	10
I	Myo-inositol-1-phosphate synthase	Lipid transport and metabolism	COG1260	I:[Lipid transport and metabolism]	10
P	Anion-transporting ATPase, ArsA/GET3 family	Inorganic ion transport and metabolism	COG0003	P:[Inorganic ion transport and metabolism]	10
O	Predicted metalloprotease (deubiquitase), contains Jab1/MPN domain metalloenzyme (JAMM) motif	Posttranslational modification, protein turnover, chaperones	COG1310	O:[Posttranslational modification, protein turnover, chaperones]	10
D	Cytoskeletal protein RodZ, contains Xre-like HTH and DUF4115 domains	Cell cycle control, cell division, chromosome partitioning	COG1426	D:[Cell cycle control, cell division, chromosome partitioning]	10
P	Rubredoxin	Inorganic ion transport and metabolism	COG1773	P:[Inorganic ion transport and metabolism]	10
J	RNA guanine methylase, includes 23S rRNA G2445 N2-methylase RlmL and tRNA-G6 N2-methylase Trm14	Translation, ribosomal structure and biogenesis	COG0116	J:[Translation, ribosomal structure and biogenesis]	10
N	Flagellar hook-capping protein FlgD	Cell motility	COG1843	N:[Cell motility]	10
C	Na+(or H+)/acetate symporter ActP	Energy production and conversion	COG4147	C:[Energy production and conversion]	10
N	Flagellin-specific chaperone FliS	Cell motility	COG1516	N:[Cell motility]	10
T	Regulator of PEP synthase PpsR, kinase-PPPase family (combines ADP:protein kinase and phosphorylase activities)	Signal transduction mechanisms	COG1806	T:[Signal transduction mechanisms]	10
F	Ribonucleotide reductase beta subunit, ferritin-like domain	Nucleotide transport and metabolism	COG0208	F:[Nucleotide transport and metabolism]	10
H	Cobyrinic acid a,c-diamide synthase	Coenzyme transport and metabolism	COG1797	H:[Coenzyme transport and metabolism]	10
M	Outer membrane translocation and assembly module TamA	Cell wall/membrane/envelope biogenesis	COG0729	M:[Cell wall/membrane/envelope biogenesis]	10
I	Long-chain fatty acid transport protein	Lipid transport and metabolism	COG2067	I:[Lipid transport and metabolism]	10
C	Cbb3-type cytochrome oxidase, subunit 1	Energy production and conversion	COG3278	C:[Energy production and conversion]	10
M	Periplasmic subunit MlaC of the ABC-type intermembrane phospholipid transporter Mla	Cell wall/membrane/envelope biogenesis	COG2854	M:[Cell wall/membrane/envelope biogenesis]	10
P	Energy-coupling factor transporter ATP-binding protein EcfA2	Inorganic ion transport and metabolism	COG1122	P:[Inorganic ion transport and metabolism]	10
M	Muramoyltetrapeptide carboxypeptidase LdcA (peptidoglycan recycling)	Cell wall/membrane/envelope biogenesis	COG1619	M:[Cell wall/membrane/envelope biogenesis]	10
H	Adenosyl cobinamide kinase/adenosyl cobinamide phosphate guanylyltransferase	Coenzyme transport and metabolism	COG2087	H:[Coenzyme transport and metabolism]	10
U	Autotransporter translocation and assembly protein TamB	Intracellular trafficking, secretion, and vesicular transport	COG2911	U:[Intracellular trafficking, secretion, and vesicular transport]	10
P	ABC-type sulfate transport system, permease component	Inorganic ion transport and metabolism	COG0555	P:[Inorganic ion transport and metabolism]	10
E	ATP phosphoribosyltransferase regulatory subunit HisZ	Amino acid transport and metabolism	COG3705	E:[Amino acid transport and metabolism]	10
C	Cytochrome c1	Energy production and conversion	COG2857	C:[Energy production and conversion]	10
C	Cytochrome c oxidase assembly protein Cox11	Energy production and conversion	COG3175	C:[Energy production and conversion]	10
H	Cobyric acid synthase	Coenzyme transport and metabolism	COG1492	H:[Coenzyme transport and metabolism]	10
M	Anionic cell wall polymer biosynthesis enzyme TagV/TagU,  LytR-Cps2A-Psr (LCP) family (peptidoglycan teichoic acid transferase)	Cell wall/membrane/envelope biogenesis	COG1316	M:[Cell wall/membrane/envelope biogenesis]	10
R	ABC-type uncharacterized transport system, permease component	General function prediction only	COG4137	R:[General function prediction only]	10
O	Arginyl-tRNA--protein-N-Asp/Glu arginylyltransferase	Posttranslational modification, protein turnover, chaperones	COG2935	O:[Posttranslational modification, protein turnover, chaperones]	10
M	NDP-sugar epimerase, includes UDP-N-acetylglucosamine 4,6-dehydratase EpsC	Cell wall/membrane/envelope biogenesis	COG1086	M:[Cell wall/membrane/envelope biogenesis]	10
Q	Homogentisate 1,2-dioxygenase	Secondary metabolites biosynthesis, transport and catabolism	COG3508	Q:[Secondary metabolites biosynthesis, transport and catabolism]	10
H	NaMN:DMB phosphoribosyltransferase	Coenzyme transport and metabolism	COG2038	H:[Coenzyme transport and metabolism]	10
P	Magnesium uptake protein YhiD/SapB, involved in acid resistance	Inorganic ion transport and metabolism	COG1285	P:[Inorganic ion transport and metabolism]	10
C	ABC-type Na+ efflux pump, permease component NatB	Energy production and conversion	COG1668	C:[Energy production and conversion]	10
F	Uridine kinase	Nucleotide transport and metabolism	COG0572	F:[Nucleotide transport and metabolism]	10
R	Oxidative stress-related protein YggE, contains kinase-interacting SIMPL domain	General function prediction only	COG2968	R:[General function prediction only]	10
H	Biotin transporter BioY	Coenzyme transport and metabolism	COG1268	H:[Coenzyme transport and metabolism]	10
G	2-methylcitrate dehydratase PrpD	Carbohydrate transport and metabolism	COG2079	G:[Carbohydrate transport and metabolism]	10
F	Thymidine kinase	Nucleotide transport and metabolism	COG1435	F:[Nucleotide transport and metabolism]	10
V	Beta-lactamase class A	Defense mechanisms	COG2367	V:[Defense mechanisms]	10
T	Ankyrin repeat	Signal transduction mechanisms	COG0666	T:[Signal transduction mechanisms]	10
J	tRNA-binding EMAP/Myf domain	Translation, ribosomal structure and biogenesis	COG0073	J:[Translation, ribosomal structure and biogenesis]	10
M	Membrane carboxypeptidase/penicillin-binding protein PbpC	Cell wall/membrane/envelope biogenesis	COG4953	M:[Cell wall/membrane/envelope biogenesis]	10
K	DNA-binding transcriptional regulator, LacI/PurR family	Transcription	COG1609	K:[Transcription]	11
K	DNA-binding transcriptional regulator, Lrp family	Transcription	COG1522	K:[Transcription]	11
G	Sugar phosphate permease	Carbohydrate transport and metabolism	COG2271	G:[Carbohydrate transport and metabolism]	11
K	DNA-binding transcriptional regulator, GntR family	Transcription	COG1802	K:[Transcription]	11
T	Methyl-accepting chemotaxis protein (MCP)	Signal transduction mechanisms	COG0840	T:[Signal transduction mechanisms]	11
E	ABC-type amino acid transport/signal transduction system, periplasmic component/domain	Amino acid transport and metabolism	COG0834	E:[Amino acid transport and metabolism]	11
H	Nicotinamidase-related amidase	Coenzyme transport and metabolism	COG1335	H:[Coenzyme transport and metabolism]	11
E	Glycine/D-amino acid oxidase (deaminating)	Amino acid transport and metabolism	COG0665	E:[Amino acid transport and metabolism]	11
K	DNA-binding transcriptional regulator, MerR family	Transcription	COG0789	K:[Transcription]	11
H	Ubiquinone/menaquinone biosynthesis C-methylase UbiE/MenG or 23S rRNA G745 methylase RmlAII or tRNA-U5 methylase TRM9	Coenzyme transport and metabolism	COG2226	H:[Coenzyme transport and metabolism]	11
O	Periplasmic serine protease DegP/DegQ, contain C-terminal PDZ domain	Posttranslational modification, protein turnover, chaperones	COG0265	O:[Posttranslational modification, protein turnover, chaperones]	11
O	Peroxiredoxin	Posttranslational modification, protein turnover, chaperones	COG1225	O:[Posttranslational modification, protein turnover, chaperones]	11
T	Serine/threonine protein kinase, uncludes type III secretion system effector YopO	Signal transduction mechanisms	COG0515	T:[Signal transduction mechanisms]	11
R	Predicted Zn-dependent peptidase, M16 family	General function prediction only	COG0612	R:[General function prediction only]	11
K	DNA-binding transcriptional regulator, IclR family	Transcription	COG1414	K:[Transcription]	12
E	Selenocysteine lyase/Cysteine desulfurase	Amino acid transport and metabolism	COG0520	E:[Amino acid transport and metabolism]	12
U	Biopolymer transport protein ExbD	Intracellular trafficking, secretion, and vesicular transport	COG0848	U:[Intracellular trafficking, secretion, and vesicular transport]	12
E	Branched-chain amino acid aminotransferase/4-amino-4-deoxychorismate lyase	Amino acid transport and metabolism	COG0115	E:[Amino acid transport and metabolism]	12
G	Phosphomannomutase	Carbohydrate transport and metabolism	COG1109	G:[Carbohydrate transport and metabolism]	12
G	Glycosyltransferase, GT2 family	Carbohydrate transport and metabolism	COG1216	G:[Carbohydrate transport and metabolism]	12
M	Sugar transferase involved in LPS biosynthesis (colanic, teichoic acid)	Cell wall/membrane/envelope biogenesis	COG2148	M:[Cell wall/membrane/envelope biogenesis]	12
P	Fe2+ or Zn2+ uptake regulation protein Fur/Zur	Inorganic ion transport and metabolism	COG0735	P:[Inorganic ion transport and metabolism]	12
J	tRNA A37 methylthiotransferase MiaB	Translation, ribosomal structure and biogenesis	COG0621	J:[Translation, ribosomal structure and biogenesis]	12
M	dTDP-4-amino-4,6-dideoxygalactose transaminase	Cell wall/membrane/envelope biogenesis	COG0399	M:[Cell wall/membrane/envelope biogenesis]	12
V	ABC-type antimicrobial peptide transport system, permease component	Defense mechanisms	COG0577	V:[Defense mechanisms]	12
C	Phosphoglycolate phosphatase, HAD superfamily	Energy production and conversion	COG0546	C:[Energy production and conversion]	12
E	ABC-type Fe3+/spermidine/putrescine transport systems, ATPase component	Amino acid transport and metabolism	COG3842	E:[Amino acid transport and metabolism]	12
L	Superfamily II DNA and RNA helicase	Replication, recombination and repair	COG0513	L:[Replication, recombination and repair]	12
I	Acyl-CoA thioesterase FadM	Lipid transport and metabolism	COG0824	I:[Lipid transport and metabolism]	12
O	Thiol-disulfide isomerase or thioredoxin	Posttranslational modification, protein turnover, chaperones	COG0526	O:[Posttranslational modification, protein turnover, chaperones]	12
I	Chalcone/flavanone-binding protein YndB, AHSA1/START/SRPBCC domain	Lipid transport and metabolism	COG3832	I:[Lipid transport and metabolism]	12
M	Membrane protein involved in the export of O-antigen and teichoic acid	Cell wall/membrane/envelope biogenesis	COG2244	M:[Cell wall/membrane/envelope biogenesis]	12
Q	Imidazolonepropionase or related amidohydrolase	Secondary metabolites biosynthesis, transport and catabolism	COG1228	Q:[Secondary metabolites biosynthesis, transport and catabolism]	12
E	ABC-type amino acid transport system, permease component	Amino acid transport and metabolism	COG0765	E:[Amino acid transport and metabolism]	13
K	DNA-binding transcriptional regulator, MocR family, contains an aminotransferase domain	Transcription	COG1167	K:[Transcription]	13
E	Threonine/homoserine/homoserine lactone efflux protein	Amino acid transport and metabolism	COG1280	E:[Amino acid transport and metabolism]	13
T	Chemotaxis signal transduction protein CheW	Signal transduction mechanisms	COG0835	T:[Signal transduction mechanisms]	13
G	ABC-type sugar transport system, ATPase component MalK	Carbohydrate transport and metabolism	COG3839	G:[Carbohydrate transport and metabolism]	13
C	Flavodoxin/ferredoxin--NADP reductase	Energy production and conversion	COG1018	C:[Energy production and conversion]	13
C	NADH:flavin reductase, Old Yellow Enzyme (OYE) family	Energy production and conversion	COG1902	C:[Energy production and conversion]	13
G	Sugar lactone lactonase YvrE	Carbohydrate transport and metabolism	COG3386	G:[Carbohydrate transport and metabolism]	13
G	ABC-type glycerol-3-phosphate transport system, permease component	Carbohydrate transport and metabolism	COG0395	G:[Carbohydrate transport and metabolism]	13
G	ABC-type sugar transport system, permease component	Carbohydrate transport and metabolism	COG1175	G:[Carbohydrate transport and metabolism]	13
C	Cytochrome c, mono- and diheme variants	Energy production and conversion	COG2010	C:[Energy production and conversion]	13
H	Adenosylmethionine-8-amino-7-oxononanoate aminotransferase	Coenzyme transport and metabolism	COG0161	H:[Coenzyme transport and metabolism]	13
G	Sugar kinase of the NBD/HSP70 family, may contain an N-terminal HTH domain	Carbohydrate transport and metabolism	COG1940	G:[Carbohydrate transport and metabolism]	13
J	tRNA G18 (ribose-2'-O)-methylase SpoU	Translation, ribosomal structure and biogenesis	COG0566	J:[Translation, ribosomal structure and biogenesis]	13
T	Adenylate cyclase, class 3	Signal transduction mechanisms	COG2114	T:[Signal transduction mechanisms]	13
O	DnaJ molecular chaperone, contains DnaJ and DnaJ_C  domains	Posttranslational modification, protein turnover, chaperones	COG0484	O:[Posttranslational modification, protein turnover, chaperones]	13
T	Protein-tyrosine-phosphatase	Signal transduction mechanisms	COG0394	T:[Signal transduction mechanisms]	13
D	Radical SAM superfamily maturase, SkfB/NifB/PqqE family	Cell cycle control, cell division, chromosome partitioning	COG0535	D:[Cell cycle control, cell division, chromosome partitioning]	13
I	Phosphatidylglycerophosphate synthase	Lipid transport and metabolism	COG0558	I:[Lipid transport and metabolism]	13
R	Radical SAM superfamily enzyme YgiQ, UPF0313 family	General function prediction only	COG1032	R:[General function prediction only]	13
G	Archaeal fructose-1,6-bisphosphatase or related enzyme, inositol monophosphatase family	Carbohydrate transport and metabolism	COG0483	G:[Carbohydrate transport and metabolism]	13
J	Translation elongation factor EF-G, a GTPase	Translation, ribosomal structure and biogenesis	COG0480	J:[Translation, ribosomal structure and biogenesis]	13
O	Formylglycine-generating enzyme, required for sulfatase activity, contains SUMF1/FGE domain	Posttranslational modification, protein turnover, chaperones	COG1262	O:[Posttranslational modification, protein turnover, chaperones]	13
L	Uracil-DNA glycosylase	Replication, recombination and repair	COG1573	L:[Replication, recombination and repair]	13
J	Pseudouridylate synthase RsuA/RluF, specific for 16S rRNA U516, 23S rRNA U2604/U2605/U2457, and tRNA(Tyr)-35	Translation, ribosomal structure and biogenesis	COG1187	J:[Translation, ribosomal structure and biogenesis]	13
C	Lactate dehydrogenase or related 2-hydroxyacid dehydrogenase	Energy production and conversion	COG1052	C:[Energy production and conversion]	13
F	Cytosine/adenosine deaminase or related metal-dependent hydrolase	Nucleotide transport and metabolism	COG0402	F:[Nucleotide transport and metabolism]	13
T	EAL domain, c-di-GMP-specific phosphodiesterase class I (or its enzymatically inactive variant)	Signal transduction mechanisms	COG2200	T:[Signal transduction mechanisms]	13
G	ABC-type glycerol-3-phosphate transport system, periplasmic component	Carbohydrate transport and metabolism	COG1653	G:[Carbohydrate transport and metabolism]	13
H	Coproporphyrinogen-III oxidase HemN  (oxygen-independent) or related Fe-S oxidoreductase	Coenzyme transport and metabolism	COG0635	H:[Coenzyme transport and metabolism]	13
V	8-oxo-dGTP pyrophosphatase MutT and related house-cleaning NTP pyrophosphohydrolases, NUDIX family	Defense mechanisms	COG0494	V:[Defense mechanisms]	13
P	Kef-type K+ transport system, membrane component KefB	Inorganic ion transport and metabolism	COG0475	P:[Inorganic ion transport and metabolism]	13
D	Chromosome segregation protein Spo0J, contains ParB-like CTPase domain	Cell cycle control, cell division, chromosome partitioning	COG1475	D:[Cell cycle control, cell division, chromosome partitioning]	13
V	ABC-type multidrug transport system, permease component	Defense mechanisms	COG0842	V:[Defense mechanisms]	13
G	Periplasmic beta-glucosidase and related glycosidases	Carbohydrate transport and metabolism	COG1472	G:[Carbohydrate transport and metabolism]	13
E	Dipeptidyl aminopeptidase/acylaminoacyl peptidase	Amino acid transport and metabolism	COG1506	E:[Amino acid transport and metabolism]	13
M	Lipopolysaccharide 1,6-galactosyltransferase, GT1 family	Cell wall/membrane/envelope biogenesis	COG0438	M:[Cell wall/membrane/envelope biogenesis]	14
J	Ribosome-associated ATPase or ATPase component of an ABC-type multidrug transport system	Translation, ribosomal structure and biogenesis	COG1131	J:[Translation, ribosomal structure and biogenesis]	15
M	Glycosyltransferase involved in cell wall bisynthesis	Cell wall/membrane/envelope biogenesis	COG0463	M:[Cell wall/membrane/envelope biogenesis]	15
L	Site-specific tyrosine recombinase XerD	Replication, recombination and repair	COG4974	L:[Replication, recombination and repair]	16
O	Glutathione S-transferase or stringent starvation protein SspA	Posttranslational modification, protein turnover, chaperones	COG0625	O:[Posttranslational modification, protein turnover, chaperones]	16
